indicator,market,lag_days,pearson_r,pearson_p,spearman_r,spearman_p,kendall_r,kendall_p,granger_p,mutual_info,regime,computed_at,min_p,category,is_significant,unexpected,abs_pearson
CRUDE,ret_NIFTY50,29,0.32416577077178954,1.2830473209200442e-29,0.030741403335465753,0.2969645697428954,0.020652987352953556,0.29356958404241706,8.603167919029893e-14,0.0,all,1773591017.83056,1.2830473209200442e-29,other,True,False,0.32416577077178954
CRUDE,ret_NIFTYFMCG,29,0.30320117552533343,1.1428680204645922e-25,-0.0020001880620802146,0.9462154241916286,-0.001854535988892534,0.9252847459947324,0.00016507281351309808,0.0,all,1773591017.83056,1.1428680204645922e-25,other,True,False,0.30320117552533343
SP500,ret_NIFTY50,0,0.29185886405393074,1.356267885516479e-29,0.192510500973126,1.8713513060183347e-13,0.13288558034804385,4.5482002325667005e-14,,0.03620614508123232,all,1773591017.83056,1.356267885516479e-29,other,True,False,0.29185886405393074
CRUDE,ret_BANKNIFTY,28,0.29163440465298496,4.028940863274454e-29,0.018984704701442395,0.47564873931602797,0.01297419475648294,0.46484255051679924,6.727819207923083e-20,0.020118948164742356,all,1773591017.83056,4.028940863274454e-29,other,True,False,0.29163440465298496
wiki_Stock_market_crash,ret_NIFTY50,0,-0.2652584195164104,2.5677645764857373e-25,-0.16524779912192725,1.5085476305885666e-10,-0.1100259584917566,2.1989682991107225e-10,,0.05872435582503277,all,1773591017.83056,2.5677645764857373e-25,digital,True,False,0.2652584195164104
SP500,ret_BANKNIFTY,0,0.2619856455657498,5.751545973961854e-24,0.18026339211060474,5.922356605498369e-12,0.12429804043364748,1.7046085781895936e-12,,0.07236481901862923,all,1773591017.83056,5.751545973961854e-24,other,True,False,0.2619856455657498
wiki_Stock_market_crash,ret_NIFTYIT,0,-0.2527934763356096,4.701071762347078e-23,-0.13662645581660388,1.2792210177441215e-07,-0.09139990722616052,1.3601660691625486e-07,,0.03758343987920565,all,1773591017.83056,4.701071762347078e-23,digital,True,False,0.2527934763356096
SP500,ret_NIFTYIT,0,0.2416398769092336,1.5895765771377725e-20,0.1531364892781073,5.46279732062798e-09,0.10429279939436881,3.200227559390544e-09,,0.0030089119561580446,all,1773591017.83056,1.5895765771377725e-20,other,True,False,0.2416398769092336
CRUDE,ret_NIFTYIT,29,0.23915153932569017,1.8485529463779328e-16,0.0843501436641498,0.004154531907988823,0.05679119794429835,0.0038750415968333046,3.932098206567247e-06,0.015386909566060147,all,1773591017.83056,1.8485529463779328e-16,other,True,False,0.23915153932569017
wiki_Stock_market_crash,ret_BANKNIFTY,0,-0.21017318857238496,2.876311367577824e-16,-0.13769521238721602,1.017831408218352e-07,-0.09108305227203732,1.502300961434931e-07,,0.05713691248221764,all,1773591017.83056,2.876311367577824e-16,digital,True,False,0.21017318857238496
SP500,ret_NIFTYFMCG,0,0.2052874479759589,4.510176919711619e-15,0.11042137711269047,2.8545115902252174e-05,0.07404170357284424,2.73191374706595e-05,,0.0,all,1773591017.83056,4.510176919711619e-15,other,True,False,0.2052874479759589
INDIAVIX,ret_NIFTY50,8,-0.1892869579715809,1.7734945555856145e-10,0.024428450907638365,0.4144943431638671,0.0167728096914759,0.40113115184096326,8.430248029938274e-11,0.05297150960475294,all,1773591017.83056,1.7734945555856145e-10,other,True,False,0.1892869579715809
INDIAVIX,ret_BANKNIFTY,8,-0.18545262269498636,4.151360083465037e-10,0.010784669227213196,0.7186910255107392,0.007377857353065864,0.7118920941156996,2.5263938016520153e-09,0.12145543079026666,all,1773591017.83056,4.151360083465037e-10,other,True,False,0.18545262269498636
INDIAVIX,ret_NIFTYFMCG,11,-0.16305921956547045,2.839048338222839e-06,-0.019553308875380253,0.5770142120935557,-0.011576449552949414,0.6207458049279124,9.241551831256097e-10,0.0,all,1773591017.83056,2.839048338222839e-06,other,True,False,0.16305921956547045
wiki_Stock_market_crash,ret_NIFTYFMCG,0,-0.15466711510773345,2.5719029261088764e-09,-0.11874421730615906,5.069355317715619e-06,-0.07964839825418574,4.887675114383158e-06,,0.01890522663397043,all,1773591017.83056,2.5719029261088764e-09,digital,True,False,0.15466711510773345
US10Y,ret_NIFTYFMCG,1,-0.15415679795112958,1.4380364152849472e-07,-0.0511785187169407,0.08237592008886974,-0.03451046197204559,0.07927535712668962,0.000650609123173085,0.014197811848483344,all,1773591017.83056,1.4380364152849472e-07,other,True,False,0.15415679795112958
GOLD,ret_NIFTY50,5,-0.15147454547591802,8.864521230504623e-06,-0.06679061196107618,0.051174351181094785,-0.04492022758705603,0.04954297575670335,0.0001218977281517028,0.04353239920149887,all,1773591017.83056,8.864521230504623e-06,other,True,False,0.15147454547591802
US10Y,ret_NIFTY50,0,0.1504721876458015,1.0056787485674078e-08,0.07857631602978495,0.0028859469690928124,0.05424273424687485,0.002076048742353476,,0.017513221096784548,all,1773591017.83056,1.0056787485674078e-08,other,True,False,0.1504721876458015
US10Y,ret_BANKNIFTY,0,0.1381755732442641,1.4659874161855737e-07,0.06447498176390161,0.014538789452603885,0.044077742334896294,0.012345628965249043,,0.005666333367851273,all,1773591017.83056,1.4659874161855737e-07,other,True,False,0.1381755732442641
GOLD,ret_BANKNIFTY,5,-0.13251248728337156,0.00010473456981888506,-0.06444387228998233,0.06007431236230465,-0.04308938267794915,0.05973612331907444,0.011360122312754196,1.1626036679146523e-05,all,1773591017.83056,0.00010473456981888506,other,True,False,0.13251248728337156
DXY,ret_NIFTY50,0,-0.12829122121438485,1.056142420277018e-06,-0.14294981329433643,5.2078855679061115e-08,-0.09786915471533393,2.7006979577749485e-08,,0.007769651153692436,all,1773591017.83056,2.7006979577749485e-08,other,True,False,0.12829122121438485
DXY,ret_BANKNIFTY,0,-0.12539985209637566,1.8423612873961224e-06,-0.1269282534257163,1.3749742792602457e-06,-0.08676508256866182,8.265054903148287e-07,,0.02616157637490968,all,1773591017.83056,8.265054903148287e-07,other,True,False,0.12539985209637566
INDIAVIX,ret_NIFTYIT,8,-0.12528866550291864,2.656296009124199e-05,0.02110320677072038,0.4808683102504055,0.015529548604401177,0.43694146384302923,0.02029957623578063,0.03217097057004725,all,1773591017.83056,2.656296009124199e-05,other,True,False,0.12528866550291864
US10Y,ret_NIFTYIT,1,-0.11907790411482505,4.576339211381022e-05,0.00798929786901518,0.7852220329361485,0.005262642553604429,0.7878354522372868,0.04967531714896141,0.026660571063655603,all,1773591017.83056,4.576339211381022e-05,other,True,False,0.11907790411482505
GOLD,ret_NIFTYIT,5,-0.11800103628868056,0.0005578004309676252,-0.04749839237385785,0.1659977905598318,-0.03160881096643105,0.1672460245998395,0.0005862768746770466,0.07214610748157613,all,1773591017.83056,0.0005578004309676252,other,True,False,0.11800103628868056
DII_net,ret_NIFTYFMCG,5,-0.10297255966933672,0.0022378203618437327,-0.0678927158655365,0.04418445492888024,-0.04556586097786623,0.04313777527263708,0.6794916116791093,0.028137956889216387,all,1773591017.83056,0.0022378203618437327,other,True,False,0.10297255966933672
GOLD,ret_NIFTYFMCG,5,-0.10221497509804986,0.0029330273951963747,0.0052686111553736795,0.8784558475131954,0.0037213658843047942,0.8713623187571043,0.04688656340998405,0.019249271324290884,all,1773591017.83056,0.0029330273951963747,other,True,False,0.10221497509804986
DII_net,ret_NIFTYIT,5,-0.09142485891534163,0.006465431902245914,-0.06877162177148344,0.040700072751712994,-0.045404343778296406,0.04304791024189651,0.1411191136987562,0.0,all,1773591017.83056,0.006465431902245914,other,True,False,0.09142485891534163
wiki_Recession,ret_NIFTYIT,18,-0.0807720015524887,0.0019261632193409949,-0.06032789341750011,0.020628179976022246,-0.04091550993184336,0.018713948539606222,0.7926981850508719,0.030155482341052586,all,1773591017.83056,0.0019261632193409949,digital,True,False,0.0807720015524887
DXY,ret_NIFTYIT,0,-0.07783057226318396,0.0031437084368709147,-0.08825107822101655,0.0008075479945176085,-0.06011221204645441,0.000638077039563194,,0.007638760543551726,all,1773591017.83056,0.000638077039563194,other,True,False,0.07783057226318396
DII_net,ret_NIFTY50,5,-0.07666236007288715,0.022410261338145828,-0.07087106880841816,0.034824047209916574,-0.04776544061322184,0.03319950398462176,0.5615178066025225,0.004816898455921592,all,1773591017.83056,0.022410261338145828,other,True,False,0.07666236007288715
DXY,ret_NIFTYFMCG,15,0.07555871021541269,0.010505607495893758,0.04584626648185199,0.12086855834569438,0.030405853562634835,0.1231991126495943,0.10577654769695129,0.008744717116107914,all,1773591017.83056,0.010505607495893758,other,True,False,0.07555871021541269
wiki_Recession,ret_NIFTYFMCG,27,0.07536160746143286,0.00407515134298357,0.03901022429016831,0.1374744505657917,0.02639194650000417,0.13213091224982357,0.9745321893440144,0.0,all,1773591017.83056,0.00407515134298357,digital,True,False,0.07536160746143286
wiki_NIFTY_50,ret_NIFTYFMCG,10,-0.06969156136676319,0.007682903402682922,-0.04351512751982453,0.09626963956847316,-0.028798510822341857,0.09912252965075487,0.16958383168951094,0.0,all,1773591017.83056,0.007682903402682922,digital,True,False,0.06969156136676319
cement_dispatches,ret_NIFTYIT,24,-0.06646018652920758,0.011447917047607352,-0.08867299385213023,0.0007333148756436525,-0.05986249033389059,0.0006458795242400851,0.7385186714970831,0.017538220316691167,all,1773591017.83056,0.0006458795242400851,other,True,False,0.06646018652920758
gtrends_Nifty,ret_NIFTYIT,7,-0.06632742647002,0.011301075472398319,-0.08342421702799212,0.0014312305432974141,-0.0567129695067938,0.0011772642991166166,0.10954387691614814,0.019577803156105134,all,1773591017.83056,0.0011772642991166166,digital,True,False,0.06632742647002
FII_net,ret_NIFTYFMCG,6,-0.06570161693114022,0.024311238655235802,-0.06456446335828907,0.026889919688964568,-0.04233716336220957,0.029732963676241893,0.3939955269248273,0.04954299935482087,all,1773591017.83056,0.024311238655235802,other,True,False,0.06570161693114022
auto_sales,ret_NIFTYIT,14,-0.06252880552438947,0.017136337691520773,-0.08883178138557886,0.0006991810878675612,-0.05990455768344776,0.0006237676642081749,0.7580952312557336,0.0029088615331689383,all,1773591017.83056,0.0006237676642081749,other,True,False,0.06252880552438947
daylight_hours_mumbai,ret_NIFTYFMCG,0,0.061837779103491405,0.017810589596817097,0.04838506051031974,0.06383146552623432,0.031781852898183284,0.06809417386746823,,0.030018608763455745,all,1773591017.83056,0.017810589596817097,other,True,False,0.061837779103491405
FII_net,ret_NIFTYIT,8,0.06173456948943762,0.03336875014522833,0.0675122413849286,0.019955916660581163,0.04556658979573891,0.01865392816375838,0.23287330662187322,0.006184953478521216,all,1773591017.83056,0.01865392816375838,other,True,False,0.06173456948943762
FII_net,ret_BANKNIFTY,0,-0.061279893065624806,0.01826995775456495,-0.058906289129855655,0.02329734613450132,-0.03907260240439784,0.024173961418140436,,0.02161079067967009,all,1773591017.83056,0.01826995775456495,other,True,False,0.061279893065624806
wiki_NIFTY_50,ret_NIFTYIT,8,-0.06093803879744521,0.01909158285802364,0.018642191966151207,0.47374859325999735,0.014283041274188647,0.4106788400056487,0.7050547968154561,0.0,all,1773591017.83056,0.01909158285802364,digital,True,False,0.06093803879744521
gtrends_layoffs India,ret_BANKNIFTY,30,-0.05984660578015148,0.02299900202837405,0.016418900799427982,0.5331506946449033,0.011928416779287162,0.49737303569381763,0.0002183952740590628,0.006900857153000484,all,1773591017.83056,0.02299900202837405,digital,True,False,0.05984660578015148
rice_mandi,ret_NIFTYIT,25,0.057982488665336895,0.02636532212020244,0.07818217862157953,0.002730761605174916,0.052625705493573496,0.0025289371604723383,0.16269353876502157,0.05226962749954023,all,1773591017.83056,0.0025289371604723383,other,True,False,0.057982488665336895
FII_net,ret_NIFTY50,15,-0.05453650375100089,0.060658430997897785,-0.0642005761285216,0.027171667986347906,-0.043164995088072006,0.02610625301588378,0.9097659467129493,0.0,all,1773591017.83056,0.02610625301588378,other,True,False,0.05453650375100089
wheat_mandi,ret_NIFTYIT,28,-0.054191662269480634,0.03808333287488218,-0.07973574200080315,0.002256844375479539,-0.05250191163580075,0.002606510583876854,0.13239573650559314,0.0,all,1773591017.83056,0.002256844375479539,other,True,False,0.054191662269480634
gtrends_layoffs India,ret_NIFTY50,30,-0.05253384366102957,0.045940936192475024,-0.01268036726648567,0.6301924243822141,-0.008273799202806319,0.6377300962072494,5.2569890803677e-06,0.010404351594237138,all,1773591017.83056,0.045940936192475024,digital,True,False,0.05253384366102957
moon_phase,ret_NIFTY50,3,0.04835878165691096,0.06271958441640786,0.05906720087248659,0.022968251144735937,0.03921102293468049,0.02372368476254294,0.4161812727107138,0.0,all,1773591017.83056,0.022968251144735937,other,True,False,0.04835878165691096
gtrends_Nifty,ret_NIFTY50,0,-0.0448633635797935,0.08616732562100571,-0.07813622567796075,0.0027743868831294274,-0.05360714612999665,0.0021193155872915774,,0.05007329239936631,all,1773591017.83056,0.0021193155872915774,digital,True,False,0.0448633635797935
GST_collections,ret_NIFTYIT,13,-0.044485230104450726,0.0899498078385133,-0.07567096837139271,0.0038881700028293377,-0.04993794558713132,0.0043326597362818055,0.09022276227715327,0.0017329754871466818,all,1773591017.83056,0.0038881700028293377,other,True,False,0.044485230104450726
moon_phase,ret_BANKNIFTY,3,0.04325893508382429,0.09608446345872672,0.053627414958663404,0.03906257477522994,0.03555486614230706,0.040363943669142456,0.5250596627390158,0.0,all,1773591017.83056,0.03906257477522994,other,True,False,0.04325893508382429
cement_dispatches,ret_NIFTY50,22,-0.04062321268835386,0.12231687852006207,-0.0819137743178653,0.001811069866861709,-0.05441244411184123,0.0019218373526706523,0.713547398610517,0.023509693372223417,all,1773591017.83056,0.001811069866861709,other,True,False,0.04062321268835386
UPI_volumes,ret_NIFTYIT,23,-0.03795674864961543,0.14898491907678954,-0.06822031329197385,0.009435853313518296,-0.04588785305793166,0.00891856104423996,0.3880758963868314,0.024858710836582087,all,1773591017.83056,0.00891856104423996,other,True,False,0.03795674864961543
moon_phase,ret_NIFTYFMCG,13,-0.03508392205136261,0.18015478507216146,-0.055985699587048236,0.03237175642353039,-0.037176638256776647,0.03325795715813629,0.8787631326589531,0.005394841456105581,all,1773591017.83056,0.03237175642353039,other,True,False,0.03508392205136261
auto_sales,ret_NIFTY50,13,-0.03368161206331578,0.19913247360067526,-0.07929793763008924,0.002470388492640536,-0.053193229247909556,0.0023666916320820804,0.9660173342629161,0.017185592373333947,all,1773591017.83056,0.0023666916320820804,other,True,False,0.03368161206331578
power_consumption,ret_NIFTYIT,6,-0.03213311424377864,0.219954621213915,-0.062808317898385,0.01642226054630106,-0.04238861764310447,0.015276444020527927,0.6692719635085747,0.04549337489654093,all,1773591017.83056,0.015276444020527927,other,True,False,0.03213311424377864
onion_mandi,ret_NIFTYIT,2,0.029129908707473826,0.2624162229393168,0.08392468081587703,0.0012215159734015081,0.06435375870040529,0.0012162641856452937,0.0861808765281135,0.017527154611546525,all,1773591017.83056,0.0012162641856452937,other,True,False,0.029129908707473826
railway_freight,ret_NIFTYIT,30,-0.02905593546248513,0.2700186784310303,-0.05509063165788013,0.03639429194340402,-0.037176940089561454,0.03436304994926706,0.971475211966724,0.015581802279506007,all,1773591017.83056,0.03436304994926706,other,True,False,0.02905593546248513
moon_phase,ret_NIFTYIT,13,-0.02857744234161825,0.27255248820941197,-0.05506319161971786,0.034406826112290415,-0.036948233889118554,0.03344207135866892,0.6206022530547499,0.0,all,1773591017.83056,0.03344207135866892,other,True,False,0.02857744234161825
auto_sales,ret_BANKNIFTY,10,-0.024050059656438492,0.3589583940731848,-0.054444855386668864,0.037713574053377955,-0.03694743828580479,0.03460721958191857,0.9887808374686998,0.04218580586140863,all,1773591017.83056,0.03460721958191857,other,True,False,0.024050059656438492
wheat_mandi,ret_NIFTY50,28,-0.02391732723395716,0.36013626707096463,-0.0666233310015371,0.010724226065118555,-0.04381358575958356,0.011959865168768836,0.09334775577775489,0.03202142667775831,all,1773591017.83056,0.010724226065118555,other,True,False,0.02391732723395716
rice_mandi,ret_NIFTY50,30,0.018538830689162938,0.4784532828548876,0.06219009959347487,0.01732182104615624,0.04294454467017021,0.013824574655200757,0.18882010134985056,0.03779489492711807,all,1773591017.83056,0.013824574655200757,other,True,False,0.018538830689162938
power_consumption,ret_NIFTY50,30,-0.011604660899569314,0.6594953148098405,-0.05569017044254035,0.034341739027423164,-0.036963236409219793,0.03534758206536298,0.8500953678862709,0.02865791021765851,all,1773591017.83056,0.034341739027423164,other,True,False,0.011604660899569314
GST_collections,ret_NIFTY50,25,-0.009086881114978438,0.7298174307359228,-0.05576699590889274,0.03390804230722303,-0.03796379402799324,0.03049766497817,0.7380688866899718,0.048101409210227875,all,1773591017.83056,0.03049766497817,other,True,False,0.009086881114978438
UPI_volumes,ret_NIFTY50,24,-0.00690833722014678,0.7928155253277608,-0.054686165092929125,0.03746041538019341,-0.03796576647435922,0.030431529246908517,0.4792610761629369,0.05012799009113822,all,1773591017.83056,0.030431529246908517,other,True,False,0.00690833722014678
onion_mandi,ret_NIFTY50,2,-0.0063494222921080465,0.8069900576738572,0.06263878824923005,0.01584185536100011,0.04898588494425877,0.013769343870297386,0.8159972094591993,0.031032907959013034,all,1773591017.83056,0.013769343870297386,other,True,False,0.0063494222921080465
wiki_NIFTY_50,ret_NIFTY50,30,-0.001244675872835878,0.9620482277601841,0.05536185413187349,0.03416791900764987,0.03816202664540604,0.028755995526668944,0.7816319237608131,0.003979846312550883,all,1773591017.83056,0.028755995526668944,digital,True,False,0.001244675872835878
DII_net,ret_BANKNIFTY,14,-0.0498322847875117,0.05569539610474463,-0.03605140893301166,0.16640235334476214,-0.023436285444886507,0.1774875460397365,0.3309849336689932,0.03278060411648376,all,1773591017.83056,0.05569539610474463,other,False,False,0.0498322847875117
wiki_NIFTY_50,ret_BANKNIFTY,0,-0.04909811736547781,0.058717655679778734,0.0005771719842298295,0.9822820341287297,0.00013563470043350816,0.9937581586138923,,0.02822047457675847,all,1773591017.83056,0.058717655679778734,digital,False,False,0.04909811736547781
gtrends_gold price,ret_BANKNIFTY,30,0.042991604194845164,0.10258373629870517,0.03488157979629311,0.18540485767316922,0.022195640173081004,0.206532073615724,2.7511683596756237e-11,0.004792266170397852,all,1773591017.83056,0.10258373629870517,digital,False,False,0.042991604194845164
railway_freight,ret_BANKNIFTY,11,0.04049150873819004,0.1225002055932592,0.0032429163998056445,0.9016036045120241,0.002875646690079679,0.8694210491711887,0.8380775967167668,0.08055180682896079,all,1773591017.83056,0.1225002055932592,other,False,False,0.04049150873819004
wiki_Recession,ret_BANKNIFTY,16,-0.0400137675828012,0.12477726827333678,0.011055619764911269,0.6715921309388982,0.007756036747160753,0.6557074474770889,0.9621845531714595,0.0,all,1773591017.83056,0.12477726827333678,digital,False,False,0.0400137675828012
gtrends_mutual fund SIP,ret_NIFTYIT,28,0.03934823543684573,0.13504057856006477,0.013755852716549949,0.6014653410885945,0.008886064393043758,0.6130414299168647,0.20559118717282757,0.03660586774045882,all,1773591017.83056,0.13504057856006477,digital,False,False,0.03934823543684573
gtrends_layoffs India,ret_NIFTYIT,30,-0.03910183841144359,0.13764031600663518,-0.03035978364368832,0.24909986588582328,-0.020533876248464988,0.2427225482098324,4.015673302484871e-06,0.0034580398619814545,all,1773591017.83056,0.13764031600663518,digital,False,False,0.03910183841144359
gtrends_EMI calculator,ret_NIFTY50,30,0.037647208776816765,0.15275665201426067,-0.012142363667266277,0.6447790653513722,-0.007499271717797767,0.6694257014487439,0.9832327855948203,0.05549913625134284,all,1773591017.83056,0.15275665201426067,digital,False,False,0.037647208776816765
gtrends_Nifty,ret_NIFTYFMCG,0,-0.037563427250409426,0.15310322555012132,-0.03878996208550082,0.1401213609106402,-0.026051505465742232,0.13749603190591567,,0.002311606640689412,all,1773591017.83056,0.13749603190591567,digital,False,False,0.037563427250409426
daylight_hours_mumbai,ret_NIFTY50,0,0.03721427935933784,0.15189110393146138,0.03664833719414567,0.1582216072981591,0.024002486400226824,0.1659522460871916,,0.00606806911011315,all,1773591017.83056,0.15189110393146138,other,False,False,0.03721427935933784
gtrends_IPO allotment,ret_NIFTYIT,0,0.03646387915019245,0.1633221239991817,0.02020889167071474,0.43988242355342305,0.014081188210427704,0.4197145358826516,,0.018287320384780426,all,1773591017.83056,0.1633221239991817,digital,False,False,0.03646387915019245
gtrends_gold price,ret_NIFTY50,30,0.03563035695977232,0.17598832376114196,0.04175561400214453,0.1127322865404107,0.02731450264509867,0.11994263559486242,2.743371380367039e-12,0.02251572671150548,all,1773591017.83056,0.1127322865404107,digital,False,False,0.03563035695977232
onion_mandi,ret_BANKNIFTY,12,-0.03453809825574241,0.18463050581741838,0.015285521721901651,0.5572128404869542,0.013004711820369018,0.5143329457474451,8.553760430424342e-06,0.04580391285695695,all,1773591017.83056,0.18463050581741838,other,False,False,0.03453809825574241
gtrends_gold price,ret_NIFTYFMCG,2,-0.03376874459200295,0.19921173084495042,-0.013274352774568362,0.6138854927700342,-0.008510129856228442,0.6276855384848101,0.05398930698405148,0.0,all,1773591017.83056,0.19921173084495042,digital,False,False,0.03376874459200295
gtrends_IPO allotment,ret_BANKNIFTY,30,0.03337067855160472,0.20519071826053645,0.03879647294643618,0.14074218680799527,0.025853977608928616,0.1411960720702972,0.9571758118641415,0.04271382561764536,all,1773591017.83056,0.14074218680799527,digital,False,False,0.03337067855160472
gtrends_EMI calculator,ret_BANKNIFTY,30,0.032093054259972296,0.22308299582481678,0.0014382924515271294,0.9564660094185236,-0.0009630989873150756,0.9562893964030915,0.9509627070200096,0.08862977155810192,all,1773591017.83056,0.22308299582481678,digital,False,False,0.032093054259972296
gtrends_gold price,ret_NIFTYIT,30,0.030354632726302306,0.24918021556421635,0.02353472286109289,0.3716650943034736,0.015413532210961674,0.3803847419426579,0.00011442100253472923,0.02704870832120676,all,1773591017.83056,0.24918021556421635,digital,False,False,0.030354632726302306
reservoir_level,ret_NIFTYIT,13,0.028688508022391326,0.2706924107644066,0.024866805976225745,0.3397346292598747,0.016084178429452468,0.3550564539044675,0.6823439745316455,0.010957851071480285,all,1773591017.83056,0.2706924107644066,agricultural,False,False,0.028688508022391326
gtrends_IPO allotment,ret_NIFTY50,30,0.028078956318152357,0.2862941253282968,0.03550983648108891,0.1774556617970976,0.022795586017661438,0.19437365583310795,0.9704991330175207,0.04295891430172727,all,1773591017.83056,0.1774556617970976,digital,False,False,0.028078956318152357
cement_dispatches,ret_NIFTYFMCG,30,-0.026968298459497133,0.30849038361610726,-0.033590693639840775,0.2045832834815729,-0.02266218330359474,0.19949361831215506,0.7584454210024969,0.011274858810743638,all,1773591017.83056,0.19949361831215506,other,False,False,0.026968298459497133
gtrends_Nifty,ret_BANKNIFTY,0,-0.026110251270063542,0.318273399144049,-0.0450098066022415,0.08525281879311114,-0.03071889527422309,0.07835170589526418,,0.05186929840577825,all,1773591017.83056,0.07835170589526418,digital,False,False,0.026110251270063542
wheat_mandi,ret_BANKNIFTY,6,-0.025567300455564896,0.3256451907253665,-0.03510483336227413,0.17708500516711945,-0.02462218811103192,0.1558484353718453,0.7998535576765791,0.061403410169026174,all,1773591017.83056,0.1558484353718453,other,False,False,0.025567300455564896
rice_mandi,ret_NIFTYFMCG,0,-0.024947512520415764,0.33948384445865293,-0.008295905187561164,0.7507974265219912,-0.004948095150532421,0.7763820485987135,,0.006846346950318605,all,1773591017.83056,0.33948384445865293,other,False,False,0.024947512520415764
cement_dispatches,ret_BANKNIFTY,9,-0.02317265839416209,0.3767634719314768,-0.04806651761010032,0.0666218366302299,-0.03254466878351572,0.06272411500299419,0.8847189391555994,0.05398345926999237,all,1773591017.83056,0.06272411500299419,other,False,False,0.02317265839416209
railway_freight,ret_NIFTYFMCG,0,0.021450339430404496,0.41471177775087026,0.007407873455247389,0.7782124844318681,0.0050533204534433974,0.7732780527518187,,0.0,all,1773591017.83056,0.41471177775087026,other,False,False,0.021450339430404496
rice_mandi,ret_BANKNIFTY,1,-0.020743411385036173,0.4247337446783247,0.009291594114221428,0.7207004113673268,0.006707598395854774,0.6987524506284614,0.5702480754476137,0.04397062848864941,all,1773591017.83056,0.4247337446783247,other,False,False,0.020743411385036173
gtrends_IPO allotment,ret_NIFTYFMCG,6,-0.020159599313750762,0.4439862754692373,-0.026228121650620845,0.3192613968934249,-0.017459545015850578,0.32023222458938216,0.506053546438878,0.0,all,1773591017.83056,0.3192613968934249,digital,False,False,0.020159599313750762
GST_collections,ret_NIFTYFMCG,18,-0.01951563624452602,0.4599292139492808,-0.03009733569966952,0.2543732911555125,-0.021235914706938554,0.22796401732104954,0.6683299515118366,0.030076320657309363,all,1773591017.83056,0.22796401732104954,other,False,False,0.01951563624452602
daylight_hours_mumbai,ret_NIFTYIT,0,0.019359470069757204,0.4562902705978789,0.014953512337970825,0.565019141829305,0.009266513968930832,0.5928949486097681,,0.022811549130791864,all,1773591017.83056,0.4562902705978789,other,False,False,0.019359470069757204
UPI_volumes,ret_NIFTYFMCG,24,-0.01909972357027703,0.47017018753961537,-0.027861520552697985,0.2920600225182134,-0.019463281137150647,0.26983652966814675,0.7172150845842774,0.0,all,1773591017.83056,0.26983652966814675,other,False,False,0.01909972357027703
gtrends_layoffs India,ret_NIFTYFMCG,30,-0.017949316474003874,0.49793318753801646,-0.034720677227587614,0.18975570217802543,-0.024083706262811255,0.1728756967712678,0.05481722473548561,0.019969820359927226,all,1773591017.83056,0.1728756967712678,digital,False,False,0.017949316474003874
gtrends_mutual fund SIP,ret_NIFTY50,14,0.017922254314471912,0.4946909633642385,0.010555244098759903,0.6875730654761469,0.008439965571894841,0.6297822154308731,0.6301886558191495,0.0141154598327633,all,1773591017.83056,0.4946909633642385,digital,False,False,0.017922254314471912
railway_freight,ret_NIFTY50,30,0.016623432690346093,0.5279182530279714,-0.03860785514017118,0.14254623613550238,-0.028219141792548995,0.10815445211295166,0.9841530047084945,0.06011964744625509,all,1773591017.83056,0.10815445211295166,other,False,False,0.016623432690346093
gtrends_EMI calculator,ret_NIFTYFMCG,0,-0.01610166803431914,0.5403916789073818,-0.01507022357751505,0.5666457690657558,-0.009908229558718073,0.572168642038424,,0.015217814420343423,all,1773591017.83056,0.5403916789073818,digital,False,False,0.01610166803431914
daylight_hours_mumbai,ret_BANKNIFTY,0,0.016002627899702006,0.5380418307687557,0.023309520146228255,0.3697143798663229,0.014968564104384099,0.3877889603649981,,0.01198945290224751,all,1773591017.83056,0.3697143798663229,other,False,False,0.016002627899702006
reservoir_level,ret_NIFTYFMCG,1,-0.01574977256935149,0.5465300853478439,-0.025029370053227685,0.33790105343267574,-0.016124888145364318,0.3551418456449873,0.5638498617092103,0.03117858858510303,all,1773591017.83056,0.33790105343267574,agricultural,False,False,0.01574977256935149
power_consumption,ret_NIFTYFMCG,27,-0.013212291826629505,0.6176299050979002,-0.027102468722812807,0.3057498023602328,-0.019084204808487524,0.2796124665951879,0.95154638750304,0.004283624065372749,all,1773591017.83056,0.2796124665951879,other,False,False,0.013212291826629505
gtrends_EMI calculator,ret_NIFTYIT,0,0.010901602167078375,0.6769466141324901,-0.04155071510586801,0.11214880143777756,-0.02634563794141524,0.13111485263907763,,0.04560540413996339,all,1773591017.83056,0.11214880143777756,digital,False,False,0.010901602167078375
gtrends_mutual fund SIP,ret_NIFTYFMCG,11,-0.010842921898665293,0.680883583234539,-0.03324992640689358,0.20715127119474408,-0.024206642404583378,0.1687278650537949,0.7007235367171065,0.01830231560774198,all,1773591017.83056,0.1687278650537949,digital,False,False,0.010842921898665293
auto_sales,ret_NIFTYFMCG,21,-0.008042557467413645,0.7609830321085213,-0.02732350987738017,0.30131316131237323,-0.018720736666055896,0.28836592466617905,0.9920155981301803,0.0,all,1773591017.83056,0.28836592466617905,other,False,False,0.008042557467413645
onion_mandi,ret_NIFTYFMCG,5,-0.007742047568593273,0.7670910639938878,0.01775021282722294,0.4970740814335141,0.014116894189735264,0.48091252341692425,0.11178363587261704,0.009588992459049983,all,1773591017.83056,0.48091252341692425,other,False,False,0.007742047568593273
wheat_mandi,ret_NIFTYFMCG,29,-0.007168464888233488,0.7851292846681515,-0.01777761474432476,0.49892170198199887,-0.011760825717107246,0.5024011135894533,0.03037248844377125,0.03445439781616155,all,1773591017.83056,0.49892170198199887,other,False,False,0.007168464888233488
reservoir_level,ret_BANKNIFTY,13,0.006695640441859276,0.7971609786687631,0.007220447295505598,0.7816502483634287,0.005478497964677704,0.7527550055271648,0.2262932391384159,0.033479929904420835,all,1773591017.83056,0.7527550055271648,agricultural,False,False,0.006695640441859276
wiki_Recession,ret_NIFTY50,25,-0.006677730766607574,0.7982298006394273,-0.043872827901240946,0.09289076758661058,-0.02834033990689643,0.10387787248737562,0.9888156760998575,0.03074447939232261,all,1773591017.83056,0.09289076758661058,digital,False,False,0.006677730766607574
power_consumption,ret_BANKNIFTY,30,-0.006537841439708265,0.8040265778320249,-0.03064849686961943,0.24462510244714497,-0.019829815946320804,0.259092226438958,0.8590873945733559,0.0633654596331219,all,1773591017.83056,0.24462510244714497,other,False,False,0.006537841439708265
GST_collections,ret_BANKNIFTY,25,0.006242863062988994,0.8125093630654557,-0.01970579439089498,0.45399990948856367,-0.014351007671801941,0.4135946676475093,0.22314031516303084,0.08664708047315584,all,1773591017.83056,0.4135946676475093,other,False,False,0.006242863062988994
gtrends_mutual fund SIP,ret_BANKNIFTY,30,-0.005362565770983568,0.8387193471432128,-0.027396347995548728,0.298342681610988,-0.017614111114592348,0.3162543435317555,0.8350998077335277,0.042864356595548436,all,1773591017.83056,0.298342681610988,digital,False,False,0.005362565770983568
UPI_volumes,ret_BANKNIFTY,25,0.0045203445798730185,0.8636386080462995,-0.025155218283150933,0.33913080892826725,-0.017144060455522216,0.3287148205909296,0.27352580466067566,0.09333449370179858,all,1773591017.83056,0.3287148205909296,other,False,False,0.0045203445798730185
reservoir_level,ret_NIFTY50,6,-0.002512928333319288,0.9230238561828742,-0.020600289071239813,0.428249130853201,-0.012775226953736452,0.4618563650049148,0.835885681305075,0.013325493098439445,all,1773591017.83056,0.428249130853201,agricultural,False,False,0.002512928333319288
