date,pred,actual,prob_up,year
2016-01-15,1,0,0.5497439185990999,2016
2016-01-18,0,0,0.430237393648306,2016
2016-01-19,0,1,0.4276180000687143,2016
2016-01-20,0,0,0.46178090587892284,2016
2016-01-21,0,0,0.42808509581138054,2016
2016-01-22,1,1,0.5752330285567838,2016
2016-01-25,1,1,0.5541917210199945,2016
2016-01-27,0,1,0.42332992915496653,2016
2016-01-28,0,0,0.4616698264956606,2016
2016-01-29,1,1,0.5929060455727789,2016
2016-02-01,1,0,0.5650132343863699,2016
2016-02-02,0,0,0.4481476793344459,2016
2016-02-03,0,0,0.4017918312073327,2016
2016-02-04,1,1,0.560657582848409,2016
2016-02-05,0,1,0.47699924816618455,2016
2016-02-08,0,0,0.38210354759198206,2016
2016-02-09,0,0,0.4866744756518607,2016
2016-02-10,0,0,0.4938943942444232,2016
2016-02-11,1,0,0.5032214997356935,2016
2016-02-12,0,1,0.42823853896928676,2016
2016-02-15,1,1,0.5921375902417908,2016
2016-02-16,1,0,0.6026896222347374,2016
2016-02-17,1,1,0.5395662376109243,2016
2016-02-18,1,1,0.5900765248789509,2016
2016-02-19,0,1,0.469602611382954,2016
2016-02-22,1,1,0.5000394290768156,2016
2016-02-23,1,0,0.576892886994674,2016
2016-02-24,0,0,0.44707082254500113,2016
2016-02-25,1,0,0.5768805037991774,2016
2016-02-26,1,1,0.6205391862054644,2016
2016-02-29,0,0,0.4495858877330764,2016
2016-03-01,0,1,0.4188452794691118,2016
2016-03-02,1,1,0.5796685933712888,2016
2016-03-03,1,1,0.5570260792680919,2016
2016-03-04,1,1,0.5726013186059192,2016
2016-03-08,1,0,0.5777354144883482,2016
2016-03-09,0,1,0.4226604729395786,2016
2016-03-10,1,0,0.6044484166277736,2016
2016-03-11,0,1,0.45496822353240884,2016
2016-03-14,1,1,0.5190847683783307,2016
2016-03-15,0,0,0.40161340976777055,2016
2016-03-16,0,1,0.4305222064626871,2016
2016-03-17,1,1,0.5811011922498298,2016
2016-03-18,1,1,0.5591925252063218,2016
2016-03-21,0,1,0.49179372056035847,2016
2016-03-22,0,1,0.397478012733303,2016
2016-03-23,0,1,0.4431007308852138,2016
2016-03-28,0,0,0.42501280555971666,2016
2016-03-29,1,0,0.5276801956724115,2016
2016-03-30,1,1,0.5628159428335122,2016
2016-03-31,1,1,0.5456730508980295,2016
2016-04-01,0,0,0.47899121513617166,2016
2016-04-04,1,1,0.5269413063601013,2016
2016-04-05,0,0,0.4500552773232556,2016
2016-04-06,0,1,0.4485843280606291,2016
2016-04-07,1,0,0.6171691953365781,2016
2016-04-08,0,1,0.3572163655335906,2016
2016-04-11,1,1,0.5326325551836095,2016
2016-04-12,0,1,0.48417637873289826,2016
2016-04-13,1,1,0.5667959957255195,2016
2016-04-18,0,1,0.4897016776005523,2016
2016-04-20,1,1,0.5072279784170811,2016
2016-04-21,0,0,0.42241245741780176,2016
2016-04-22,0,0,0.38782927084388064,2016
2016-04-25,0,0,0.4303737458611508,2016
2016-04-26,0,1,0.4242622761133195,2016
2016-04-27,0,1,0.48418041465540623,2016
2016-04-28,1,0,0.5907578828581814,2016
2016-04-29,0,1,0.4702774132800338,2016
2016-05-02,0,0,0.4866394680840678,2016
2016-05-03,1,0,0.5472611968212611,2016
2016-05-04,0,0,0.4170749907938544,2016
2016-05-05,0,1,0.4278383321845095,2016
2016-05-06,0,0,0.4343542390953723,2016
2016-05-09,0,1,0.4865225966792359,2016
2016-05-10,0,1,0.39876563345170674,2016
2016-05-11,1,0,0.6085196549186594,2016
2016-05-12,0,1,0.45723952625969994,2016
2016-05-13,0,0,0.40317386873398015,2016
2016-05-16,0,1,0.40555646935418027,2016
2016-05-17,1,1,0.5861221924661615,2016
2016-05-18,0,0,0.37191862397943304,2016
2016-05-19,0,0,0.33471514537533503,2016
2016-05-20,0,0,0.4579744917023013,2016
2016-05-23,1,0,0.5568740861416673,2016
2016-05-24,0,1,0.3844163000789516,2016
2016-05-25,1,1,0.5252792990790742,2016
2016-05-26,1,1,0.6078194279063676,2016
2016-05-27,1,1,0.5031095961224202,2016
2016-05-30,1,1,0.5828445788468533,2016
2016-05-31,1,0,0.5768715021837313,2016
2016-06-01,0,1,0.40869409906049875,2016
2016-06-02,0,1,0.4883034309317164,2016
2016-06-03,1,1,0.5395050245932197,2016
2016-06-06,0,0,0.46480410921257076,2016
2016-06-07,1,1,0.610619433944252,2016
2016-06-08,1,1,0.5206421424927998,2016
2016-06-09,1,0,0.6023537015639792,2016
2016-06-10,0,0,0.43477619012750474,2016
2016-06-13,0,0,0.3726031955769596,2016
2016-06-14,0,0,0.4838279289647722,2016
2016-06-15,0,1,0.41382675637868505,2016
2016-06-16,0,0,0.497484688373456,2016
2016-06-17,1,1,0.5808983729546557,2016
2016-06-20,0,1,0.46026354113861295,2016
2016-06-21,1,0,0.6334430719709121,2016
2016-06-22,0,0,0.4932767705786341,2016
2016-06-23,1,1,0.5314006405561583,2016
2016-06-24,1,0,0.6232670279288635,2016
2016-06-27,0,1,0.41975657917484704,2016
2016-06-28,0,1,0.42349998593949806,2016
2016-06-29,1,1,0.6244355414079821,2016
2016-06-30,1,1,0.5979602672718138,2016
2016-07-01,1,1,0.5761785523825746,2016
2016-07-04,1,1,0.5488912360066955,2016
2016-07-05,1,0,0.5982511194345544,2016
2016-07-07,0,1,0.36114311923286785,2016
2016-07-08,0,0,0.39456257715539833,2016
2016-07-11,1,1,0.5871114157313333,2016
2016-07-12,1,1,0.5042258817490469,2016
2016-07-13,1,0,0.5479284567000322,2016
2016-07-14,0,1,0.48235336490468667,2016
2016-07-15,1,0,0.5727206810042859,2016
2016-07-18,0,0,0.38242061753402956,2016
2016-07-19,1,1,0.5215079675754445,2016
2016-07-20,0,1,0.38359080891772007,2016
2016-07-21,1,0,0.5299175380303681,2016
2016-07-22,0,1,0.44324422122686613,2016
2016-07-25,1,1,0.5367237668373728,2016
2016-07-26,0,0,0.4052460237118798,2016
2016-07-27,1,1,0.528829215925794,2016
2016-07-28,0,1,0.4293118373532764,2016
2016-07-29,1,0,0.5623656317908403,2016
2016-08-01,1,0,0.5322114961755267,2016
2016-08-02,0,0,0.41422285821779536,2016
2016-08-03,0,0,0.4286031641533822,2016
2016-08-04,1,1,0.5318577297021253,2016
2016-08-05,0,1,0.493860457781803,2016
2016-08-08,0,1,0.48190249264465157,2016
2016-08-09,0,0,0.45005859924457703,2016
2016-08-10,1,0,0.5044469999041294,2016
2016-08-11,0,1,0.38960914159101584,2016
2016-08-16,1,1,0.5194573673678906,2016
2016-08-17,0,0,0.41352518665246796,2016
2016-08-18,1,1,0.5150698141275305,2016
2016-08-19,1,0,0.5371566296208972,2016
2016-08-22,0,0,0.3651641952606596,2016
2016-08-23,0,1,0.4745450382481701,2016
2016-08-24,0,1,0.4537349975913861,2016
2016-08-25,0,0,0.34902196404120245,2016
2016-08-26,0,0,0.395057980264722,2016
2016-08-29,0,1,0.3437661373517327,2016
2016-08-30,1,1,0.5815076018621875,2016
2016-08-31,0,1,0.3729707939920459,2016
2016-09-01,0,0,0.40626338432237774,2016
2016-09-02,0,1,0.45967961127679785,2016
2016-09-06,1,1,0.567708062360107,2016
2016-09-07,1,0,0.5484070094486531,2016
2016-09-08,1,1,0.5359421826218372,2016
2016-09-09,0,0,0.43877598569698667,2016
2016-09-12,0,0,0.2999300151954195,2016
2016-09-14,1,1,0.6279019828707159,2016
2016-09-15,1,1,0.5267997393212425,2016
2016-09-16,1,1,0.6272473060385471,2016
2016-09-19,0,1,0.3957225704863958,2016
2016-09-20,1,0,0.5845442304943855,2016
2016-09-21,1,1,0.5117977985660782,2016
2016-09-22,1,1,0.5831240332899809,2016
2016-09-23,1,0,0.6271790539778805,2016
2016-09-26,0,0,0.4064447968809606,2016
2016-09-27,0,0,0.4780293204142935,2016
2016-09-28,1,1,0.5675814365861336,2016
2016-09-29,1,0,0.6419899451320092,2016
2016-09-30,0,1,0.4748117952269768,2016
2016-10-03,1,1,0.5909830178984038,2016
2016-10-04,0,1,0.44415096232309936,2016
2016-10-05,0,0,0.3601320163397135,2016
2016-10-06,1,0,0.5893403364297761,2016
2016-10-07,0,0,0.3698397971173399,2016
2016-10-10,0,1,0.4811780261999581,2016
2016-10-13,1,0,0.6082500276762889,2016
2016-10-14,0,1,0.4607789396661819,2016
2016-10-17,0,0,0.3790202812237697,2016
2016-10-18,0,1,0.4460243578767307,2016
2016-10-19,1,0,0.5854495032007906,2016
2016-10-20,1,1,0.5009044178227368,2016
2016-10-21,0,0,0.4682183523224959,2016
2016-10-24,1,1,0.5448646340243485,2016
2016-10-25,1,0,0.5379446097568273,2016
2016-10-26,0,0,0.4362243657301565,2016
2016-10-27,0,0,0.35937369738178326,2016
2016-10-28,0,1,0.3700993085999077,2016
2016-11-01,0,0,0.4143607240219975,2016
2016-11-02,0,0,0.45872888506106546,2016
2016-11-03,0,0,0.39528072063929653,2016
2016-11-04,0,0,0.4317478177751952,2016
2016-11-07,0,1,0.44132420148612306,2016
2016-11-08,1,1,0.5285602097218665,2016
2016-11-09,0,0,0.4980862520747737,2016
2016-11-10,1,1,0.5388121776355816,2016
2016-11-11,0,0,0.488924351652857,2016
2016-11-15,0,0,0.43346439843196755,2016
2016-11-16,1,1,0.6266523466840644,2016
2016-11-17,0,0,0.4845016116739976,2016
2016-11-18,1,0,0.5748357066281702,2016
2016-11-21,0,0,0.3499691305881696,2016
2016-11-22,1,1,0.6653912214131722,2016
2016-11-23,1,1,0.5394449116027036,2016
2016-11-24,0,0,0.4173160386041383,2016
2016-11-25,0,1,0.38133533660105223,2016
2016-11-28,0,1,0.48747113449825974,2016
2016-11-29,1,1,0.5461403054422349,2016
2016-11-30,1,1,0.5080998547378627,2016
2016-12-01,0,0,0.3341042261999195,2016
2016-12-02,0,0,0.35913027614417664,2016
2016-12-05,1,1,0.5951489946285001,2016
2016-12-06,1,1,0.638207355753174,2016
2016-12-07,1,0,0.5066020401775756,2016
2016-12-08,1,1,0.6182895919267374,2016
2016-12-09,1,1,0.5001292650571763,2016
2016-12-12,0,0,0.47511848640406157,2016
2016-12-13,0,1,0.4670488862707668,2016
2016-12-14,1,0,0.5852101146163253,2016
2016-12-15,0,0,0.275892609812969,2016
2016-12-16,0,0,0.42746735248930895,2016
2016-12-19,0,0,0.4613142127593141,2016
2016-12-20,1,0,0.5162483016742353,2016
2016-12-21,0,0,0.42405233415798516,2016
2016-12-22,0,0,0.48162553422855503,2016
2016-12-23,0,1,0.4178461573358188,2016
2016-12-26,1,0,0.5148785857176561,2016
2016-12-27,0,1,0.499742179575887,2016
2016-12-28,0,1,0.4643429405140968,2016
2016-12-29,0,1,0.4738774538540026,2016
2016-12-30,1,1,0.5552104190197319,2016
2017-01-02,1,0,0.5039941826673153,2017
2017-01-03,0,1,0.42172951659302754,2017
2017-01-04,1,0,0.5336533107201175,2017
2017-01-05,1,1,0.6361618416350133,2017
2017-01-06,1,0,0.528599199013115,2017
2017-01-09,0,0,0.43696255706049447,2017
2017-01-10,0,1,0.4500055306411826,2017
2017-01-11,0,1,0.43860983262196135,2017
2017-01-12,1,1,0.6022983679405796,2017
2017-01-13,1,0,0.5328534395208624,2017
2017-01-16,0,1,0.4391694911162328,2017
2017-01-17,0,0,0.4654686292105582,2017
2017-01-18,0,1,0.4818031123566218,2017
2017-01-19,0,1,0.41997258791707087,2017
2017-01-20,0,0,0.35086602356178276,2017
2017-01-23,1,1,0.6163299169758988,2017
2017-01-24,0,1,0.4984046752777782,2017
2017-01-25,0,1,0.46984856780743217,2017
2017-01-27,0,1,0.4925549373009697,2017
2017-01-30,1,0,0.5364729260430221,2017
2017-01-31,0,0,0.3715829595241342,2017
2017-02-01,1,1,0.5581882845078016,2017
2017-02-02,1,1,0.5070199113742362,2017
2017-02-03,0,1,0.4943238022965704,2017
2017-02-06,1,1,0.5608762538493844,2017
2017-02-07,0,0,0.45536177666483496,2017
2017-02-08,0,1,0.4670100716488005,2017
2017-02-09,1,1,0.5783830787132552,2017
2017-02-10,1,1,0.589853614379384,2017
2017-02-13,1,1,0.6412440893953744,2017
2017-02-14,0,0,0.48239762783348344,2017
2017-02-15,0,0,0.48978818848596445,2017
2017-02-16,1,1,0.5341542566962828,2017
2017-02-17,1,1,0.5406386186466403,2017
2017-02-20,1,1,0.5445297569476483,2017
2017-02-21,1,1,0.5153962453583876,2017
2017-02-22,1,1,0.6150973081684435,2017
2017-02-23,0,1,0.44597655886900994,2017
2017-02-27,1,0,0.5623555981460793,2017
2017-02-28,0,0,0.44505568333860773,2017
2017-03-01,0,1,0.461381547961372,2017
2017-03-02,0,0,0.45034535015436356,2017
2017-03-03,0,0,0.3212292116584824,2017
2017-03-06,1,1,0.5176047763587784,2017
2017-03-07,0,0,0.440174494457332,2017
2017-03-08,0,0,0.37203123454425835,2017
2017-03-09,0,1,0.2835644414827655,2017
2017-03-10,0,1,0.4769674311719499,2017
2017-03-14,1,1,0.5667695409315183,2017
2017-03-15,0,0,0.4245449570712112,2017
2017-03-16,1,1,0.6413911391985989,2017
2017-03-17,0,1,0.4762212325151011,2017
2017-03-20,1,0,0.5389513482560444,2017
2017-03-21,0,0,0.45706149442754085,2017
2017-03-22,0,0,0.4280130735874101,2017
2017-03-23,1,1,0.6540503836445798,2017
2017-03-24,0,1,0.40007156916098424,2017
2017-03-27,1,0,0.5451980305721187,2017
2017-03-28,1,1,0.5208640338116423,2017
2017-03-29,1,1,0.6197050891469168,2017
2017-03-30,1,1,0.5620859557490037,2017
2017-03-31,1,0,0.6343131507300712,2017
2017-04-03,0,1,0.46745747614961003,2017
2017-04-05,0,1,0.4890321660323277,2017
2017-04-06,0,0,0.46800299996543293,2017
2017-04-07,1,0,0.5673239764641707,2017
2017-04-10,0,0,0.49963198001066966,2017
2017-04-11,1,1,0.6436520819640893,2017
2017-04-12,1,0,0.5980268470037781,2017
2017-04-13,0,0,0.3999937543231073,2017
2017-04-17,0,0,0.4755392605852726,2017
2017-04-18,1,0,0.5686844815430198,2017
2017-04-19,0,0,0.49949271525719413,2017
2017-04-20,0,1,0.3552213681996574,2017
2017-04-21,1,0,0.5202550877685586,2017
2017-04-24,0,1,0.3737104573438152,2017
2017-04-25,1,1,0.5145931700661744,2017
2017-04-26,1,1,0.5709287919674536,2017
2017-04-27,1,0,0.5117333532823233,2017
2017-04-28,1,0,0.5816758059778459,2017
2017-05-02,0,1,0.4821548727098061,2017
2017-05-03,1,0,0.5907478098665174,2017
2017-05-04,0,1,0.4691472972866624,2017
2017-05-05,0,0,0.4551411034436918,2017
2017-05-08,1,1,0.620461761115838,2017
2017-05-09,0,1,0.474556209875701,2017
2017-05-10,0,1,0.39916277807538786,2017
2017-05-11,1,1,0.6283787059778885,2017
2017-05-12,1,0,0.5041306444202658,2017
2017-05-15,1,1,0.5333738681197141,2017
2017-05-16,1,1,0.6761911926953366,2017
2017-05-17,1,1,0.5334448208687835,2017
2017-05-18,0,0,0.4500677586420147,2017
2017-05-19,1,0,0.5375232927318438,2017
2017-05-22,1,1,0.6912193611570503,2017
2017-05-23,1,0,0.65281292229334,2017
2017-05-24,0,0,0.49942539858468676,2017
2017-05-25,1,1,0.626899980455821,2017
2017-05-26,1,1,0.5711405084663681,2017
2017-05-29,1,1,0.6294499941362683,2017
2017-05-30,1,1,0.5891101343414349,2017
2017-05-31,1,0,0.5481790818766835,2017
2017-06-01,1,0,0.5835141036375706,2017
2017-06-02,1,1,0.5543927984633321,2017
2017-06-05,1,1,0.5597291506314798,2017
2017-06-06,0,0,0.39586635603567416,2017
2017-06-07,1,1,0.5161800818195396,2017
2017-06-08,0,0,0.4344681723339645,2017
2017-06-09,0,1,0.43579399227646315,2017
2017-06-12,1,0,0.521751114507087,2017
2017-06-13,1,0,0.547007891601961,2017
2017-06-14,1,1,0.6486506652239169,2017
2017-06-15,1,0,0.503508277657643,2017
2017-06-16,0,1,0.3649752420409793,2017
2017-06-19,1,1,0.6272718699297696,2017
2017-06-20,1,0,0.5506418150959462,2017
2017-06-21,0,0,0.39915895831515874,2017
2017-06-22,0,0,0.47957807258883384,2017
2017-06-23,0,0,0.4716887239339126,2017
2017-06-27,1,0,0.5482921756494075,2017
2017-06-28,0,0,0.39113244266576275,2017
2017-06-29,1,1,0.6243360452895055,2017
2017-06-30,0,1,0.34371516955512177,2017
2017-07-03,1,1,0.5725467200709022,2017
2017-07-04,0,0,0.47191023853896685,2017
2017-07-05,0,1,0.43619569262328006,2017
2017-07-06,1,1,0.5110102599803921,2017
2017-07-07,0,0,0.3673046392709293,2017
2017-07-10,1,1,0.5147830247731036,2017
2017-07-11,1,1,0.5562140288139017,2017
2017-07-12,1,1,0.5445017531296494,2017
2017-07-13,1,1,0.5970541762481897,2017
2017-07-14,1,0,0.609742572016926,2017
2017-07-17,1,1,0.569229860416143,2017
2017-07-18,1,0,0.5659930438508617,2017
2017-07-19,1,1,0.5453301056064939,2017
2017-07-20,1,0,0.6489954122202656,2017
2017-07-21,1,1,0.5330762918441901,2017
2017-07-24,1,1,0.5249511921379078,2017
2017-07-25,0,0,0.4755485912728541,2017
2017-07-26,1,1,0.5293496310138968,2017
2017-07-27,1,0,0.6662885400369027,2017
2017-07-28,0,0,0.4353171194470475,2017
2017-07-31,1,1,0.5188490999116864,2017
2017-08-01,1,1,0.5116628880904873,2017
2017-08-02,1,0,0.5449170162200901,2017
2017-08-03,1,0,0.6052216430268382,2017
2017-08-04,0,1,0.4852321927033453,2017
2017-08-07,0,0,0.40983988541550986,2017
2017-08-08,1,0,0.5610047795494505,2017
2017-08-09,0,0,0.36305383416017706,2017
2017-08-10,1,0,0.5408635737430576,2017
2017-08-11,0,0,0.37359708385868745,2017
2017-08-14,1,1,0.6410648584899842,2017
2017-08-16,1,1,0.5197843212037969,2017
2017-08-17,1,1,0.631106299338797,2017
2017-08-18,0,0,0.39291025936427126,2017
2017-08-21,1,0,0.5157748163509196,2017
2017-08-22,1,1,0.5755520405658179,2017
2017-08-23,1,1,0.5241489477021954,2017
2017-08-24,1,1,0.5376479423505082,2017
2017-08-28,0,1,0.34924138813753486,2017
2017-08-29,1,0,0.5511492040526251,2017
2017-08-30,1,1,0.5721866900488191,2017
2017-08-31,1,1,0.538641492276879,2017
2017-09-01,1,1,0.6048748056028621,2017
2017-09-04,0,0,0.4707742812009901,2017
2017-09-05,0,1,0.47060427044206676,2017
2017-09-06,0,0,0.48258059127778274,2017
2017-09-07,0,1,0.4726789577817367,2017
2017-09-08,1,1,0.5709827152992069,2017
2017-09-11,0,1,0.4804295610052413,2017
2017-09-12,0,1,0.4628224268180162,2017
2017-09-13,0,0,0.4711701941084629,2017
2017-09-14,0,1,0.4699736558064572,2017
2017-09-15,1,0,0.5778726614875324,2017
2017-09-18,1,1,0.555756114534103,2017
2017-09-19,0,0,0.4243999451738182,2017
2017-09-20,1,0,0.5935018903670862,2017
2017-09-21,1,0,0.5186054600230029,2017
2017-09-22,0,0,0.42047770900053655,2017
2017-09-25,1,0,0.6256484331354886,2017
2017-09-26,1,0,0.5484631856912227,2017
2017-09-27,1,0,0.5043312788529946,2017
2017-09-28,0,1,0.45090053207134284,2017
2017-09-29,1,1,0.6058874033594295,2017
2017-10-03,1,1,0.5503646476680959,2017
2017-10-04,1,1,0.6083790128410945,2017
2017-10-05,1,0,0.578617295365001,2017
2017-10-06,1,1,0.6523209551616538,2017
2017-10-09,0,1,0.45753014312356377,2017
2017-10-10,0,1,0.4965496420466997,2017
2017-10-11,1,0,0.5887509496543594,2017
2017-10-12,1,1,0.6198301790829016,2017
2017-10-13,0,1,0.43623993456608995,2017
2017-10-16,1,1,0.5994389647405574,2017
2017-10-17,1,1,0.5683182898122268,2017
2017-10-18,0,0,0.45763946620615914,2017
2017-10-19,1,0,0.5323398281962215,2017
2017-10-23,1,1,0.5493243693423067,2017
2017-10-24,0,1,0.4645428763974959,2017
2017-10-25,1,1,0.5065961632150922,2017
2017-10-26,0,1,0.34053430313331107,2017
2017-10-27,1,0,0.5662866146846935,2017
2017-10-30,1,1,0.6833041898925376,2017
2017-10-31,1,0,0.5624030367361924,2017
2017-11-01,1,1,0.5184991565326237,2017
2017-11-02,1,0,0.5632643577337604,2017
2017-11-03,1,1,0.581864475404225,2017
2017-11-06,1,0,0.6185974123753196,2017
2017-11-07,1,0,0.6457062532557641,2017
2017-11-08,1,0,0.5677089591704646,2017
2017-11-09,1,1,0.5347544400611317,2017
2017-11-10,1,1,0.5009533829949051,2017
2017-11-13,0,0,0.37369846889167646,2017
2017-11-14,1,0,0.5780807349390734,2017
2017-11-15,1,0,0.5355557910320059,2017
2017-11-16,0,1,0.4098962161923268,2017
2017-11-17,1,1,0.5141155441952566,2017
2017-11-20,1,1,0.5493789070283248,2017
2017-11-21,0,1,0.47704660671327703,2017
2017-11-22,1,1,0.6540916039655376,2017
2017-11-23,1,1,0.5812572268894097,2017
2017-11-24,1,1,0.5489239794859646,2017
2017-11-27,1,1,0.6640171878175043,2017
2017-11-28,0,0,0.4666600466356104,2017
2017-11-29,1,0,0.6131008193446092,2017
2017-11-30,0,0,0.3826652480728238,2017
2017-12-01,1,0,0.5906355963606498,2017
2017-12-04,1,1,0.5407421442772617,2017
2017-12-05,0,0,0.39062171377619426,2017
2017-12-06,0,0,0.40892118163675933,2017
2017-12-07,1,1,0.5147633974415523,2017
2017-12-08,0,1,0.4722794137246269,2017
2017-12-11,1,1,0.5900812330067031,2017
2017-12-12,1,0,0.6324163239774665,2017
2017-12-13,0,0,0.48796844774233766,2017
2017-12-14,1,1,0.5965843002269705,2017
2017-12-15,1,1,0.5141286712948014,2017
2017-12-18,1,1,0.5515599307552815,2017
2017-12-19,1,1,0.6185539917311024,2017
2017-12-20,0,0,0.41063776892029125,2017
2017-12-21,0,0,0.44283695492058794,2017
2017-12-22,1,1,0.5978498728179211,2017
2017-12-26,0,1,0.4416693821299101,2017
2017-12-27,1,0,0.525780376284152,2017
2017-12-28,1,0,0.58293065387067,2017
2017-12-29,1,1,0.5890425512187869,2017
2018-01-02,0,0,0.45044020764039644,2018
2018-01-03,1,1,0.5356364862832478,2018
2018-01-04,1,1,0.7056466390735645,2018
2018-01-05,1,1,0.6369134462527372,2018
2018-01-08,1,1,0.5399824219482445,2018
2018-01-09,1,1,0.576133216103219,2018
2018-01-10,0,0,0.48034239435357884,2018
2018-01-11,1,1,0.5365038258018597,2018
2018-01-12,1,1,0.7261012628808374,2018
2018-01-15,1,1,0.6645827596951004,2018
2018-01-16,1,0,0.6637159843156727,2018
2018-01-17,0,1,0.48545216720913736,2018
2018-01-18,1,1,0.6220168606503951,2018
2018-01-19,0,1,0.38019243207485076,2018
2018-01-22,1,1,0.5158963460550936,2018
2018-01-23,1,1,0.590652135652856,2018
2018-01-24,1,1,0.6421390714305059,2018
2018-01-25,1,0,0.5261930186628107,2018
2018-01-29,1,1,0.5698658576236751,2018
2018-01-30,0,0,0.3080430426423079,2018
2018-01-31,0,0,0.3007895081327813,2018
2018-02-01,1,0,0.6189398110745568,2018
2018-02-02,0,0,0.4825143357756949,2018
2018-02-05,0,0,0.3233311227502875,2018
2018-02-06,0,0,0.41484246974914707,2018
2018-02-07,1,0,0.6411867289522304,2018
2018-02-08,0,1,0.36894488345018395,2018
2018-02-09,0,0,0.41256950750836696,2018
2018-02-12,1,1,0.6230407849274022,2018
2018-02-14,1,0,0.6852483780068797,2018
2018-02-15,1,1,0.5483710772670246,2018
2018-02-16,1,0,0.7160349896071868,2018
2018-02-19,1,0,0.5459875994648536,2018
2018-02-20,1,0,0.558087703887911,2018
2018-02-21,0,1,0.34424127603256777,2018
2018-02-22,0,0,0.36184767493705833,2018
2018-02-23,1,1,0.6293441589210947,2018
2018-02-26,1,1,0.6469256801897647,2018
2018-02-27,1,0,0.700920798684612,2018
2018-02-28,0,0,0.31170128270624603,2018
2018-03-01,0,0,0.4133494320941848,2018
2018-03-05,0,0,0.4350927853284564,2018
2018-03-06,1,0,0.6390716997025805,2018
2018-03-07,1,0,0.6223377595322575,2018
2018-03-08,0,1,0.4775163222362287,2018
2018-03-09,1,0,0.5432279262201921,2018
2018-03-12,1,1,0.6664810729489211,2018
2018-03-13,1,1,0.5085370757721364,2018
2018-03-14,0,0,0.358087749544364,2018
2018-03-15,0,0,0.4302985908676636,2018
2018-03-16,0,0,0.4490610698571983,2018
2018-03-19,1,0,0.5626585552791948,2018
2018-03-20,0,1,0.3932373682454451,2018
2018-03-21,0,1,0.47664255444690357,2018
2018-03-22,0,0,0.4788592558720751,2018
2018-03-23,0,0,0.38015179065840626,2018
2018-03-26,0,1,0.4605385954370052,2018
2018-03-27,1,1,0.6429380020803417,2018
2018-03-28,0,0,0.4314457798785559,2018
2018-04-02,0,1,0.38937190787335185,2018
2018-04-03,0,1,0.343926205737896,2018
2018-04-04,1,0,0.5283079812608333,2018
2018-04-05,1,1,0.648917452766187,2018
2018-04-06,1,1,0.5312545713489712,2018
2018-04-09,0,1,0.4402830337458456,2018
2018-04-10,1,1,0.6440084293068626,2018
2018-04-11,1,1,0.6794531519834369,2018
2018-04-12,0,1,0.4513629554635424,2018
2018-04-13,1,1,0.5392960041334449,2018
2018-04-16,0,1,0.4925645968405874,2018
2018-04-17,1,1,0.6720746902336647,2018
2018-04-18,1,0,0.6672802538851178,2018
2018-04-19,1,1,0.5231497569713981,2018
2018-04-20,0,0,0.3473660633819128,2018
2018-04-23,0,1,0.3241756384115171,2018
2018-04-24,0,1,0.44455356487668596,2018
2018-04-25,0,0,0.41058557245771404,2018
2018-04-26,0,1,0.46291487458906017,2018
2018-04-27,1,1,0.6161631129870557,2018
2018-04-30,1,1,0.5537899093577798,2018
2018-05-02,0,0,0.46593381106024945,2018
2018-05-03,0,0,0.4176541635271185,2018
2018-05-04,1,0,0.5229002917629573,2018
2018-05-07,1,1,0.7225471260548169,2018
2018-05-08,1,1,0.658568877529542,2018
2018-05-09,0,1,0.4781667854218681,2018
2018-05-10,1,0,0.6421342683259748,2018
2018-05-11,1,1,0.6838072155089978,2018
2018-05-14,1,1,0.6335382130562394,2018
2018-05-15,0,0,0.49543418344350504,2018
2018-05-16,0,0,0.32324809870345084,2018
2018-05-17,1,0,0.6288751704253455,2018
2018-05-18,1,0,0.531205895426932,2018
2018-05-21,0,0,0.49153181813704117,2018
2018-05-22,1,1,0.6787465688429694,2018
2018-05-23,0,0,0.48555616384322325,2018
2018-05-24,1,1,0.5223721883692299,2018
2018-05-25,1,1,0.5001691385604402,2018
2018-05-28,0,1,0.46805881630065616,2018
2018-05-29,1,0,0.5113741457170184,2018
2018-05-30,0,0,0.40595577535232263,2018
2018-05-31,1,1,0.6166698888026907,2018
2018-06-01,0,0,0.39408549418271577,2018
2018-06-04,0,0,0.4889665119073889,2018
2018-06-05,1,0,0.6308468655260587,2018
2018-06-06,1,1,0.6177063558364594,2018
2018-06-07,1,1,0.5123993371792916,2018
2018-06-08,1,0,0.6249881938522408,2018
2018-06-11,1,1,0.56020240888529,2018
2018-06-12,1,1,0.5858776657730737,2018
2018-06-13,1,1,0.5434245629789921,2018
2018-06-14,0,0,0.44621883934174666,2018
2018-06-15,1,1,0.5365093829838303,2018
2018-06-18,0,0,0.4886692305154685,2018
2018-06-19,1,0,0.5017269511707891,2018
2018-06-20,0,1,0.3789042724960071,2018
2018-06-21,1,0,0.5746900249182534,2018
2018-06-22,0,1,0.38913653800152354,2018
2018-06-25,1,0,0.7049652720139394,2018
2018-06-26,0,1,0.40752886890022166,2018
2018-06-27,1,0,0.5910052598078469,2018
2018-06-28,0,0,0.4283167197173626,2018
2018-06-29,1,1,0.6380879359896163,2018
2018-07-02,1,0,0.6458724448894995,2018
2018-07-03,1,1,0.5507802408639709,2018
2018-07-04,0,1,0.48247938356868686,2018
2018-07-05,1,0,0.5187067221666317,2018
2018-07-06,1,1,0.6322475131337373,2018
2018-07-09,1,1,0.712736544492093,2018
2018-07-10,1,1,0.6621770165818809,2018
2018-07-11,1,1,0.6142057313505135,2018
2018-07-12,0,1,0.3816857231107089,2018
2018-07-13,1,0,0.6640090779221665,2018
2018-07-16,1,0,0.5807688876808514,2018
2018-07-17,0,1,0.4204416835831787,2018
2018-07-18,1,0,0.5544126520023345,2018
2018-07-19,1,0,0.6391601366532759,2018
2018-07-20,0,1,0.4516363534914884,2018
2018-07-23,0,1,0.4920520422446778,2018
2018-07-24,1,1,0.5085904248778563,2018
2018-07-25,1,0,0.6610199067946151,2018
2018-07-26,1,1,0.6414742223843326,2018
2018-07-27,0,1,0.35296071028852233,2018
2018-07-30,0,1,0.36992429351174766,2018
2018-07-31,0,1,0.4572841050903542,2018
2018-08-01,1,0,0.5725048479725366,2018
2018-08-02,0,0,0.40206472289802087,2018
2018-08-03,1,1,0.5846740478057622,2018
2018-08-06,1,1,0.6400662051646645,2018
2018-08-07,1,1,0.5852317721472172,2018
2018-08-08,1,1,0.5973408719278466,2018
2018-08-09,1,1,0.5751175092780392,2018
2018-08-10,0,0,0.4895112336165618,2018
2018-08-13,0,0,0.41699306482996784,2018
2018-08-14,0,1,0.3527379916349045,2018
2018-08-16,1,0,0.6365378839683092,2018
2018-08-17,1,1,0.6428737713819662,2018
2018-08-20,1,1,0.6662192773635415,2018
2018-08-21,1,1,0.6116744169629168,2018
2018-08-23,1,1,0.6205994790454032,2018
2018-08-24,0,0,0.43364049781337344,2018
2018-08-27,1,1,0.6938058762298107,2018
2018-08-28,1,1,0.7027720195974194,2018
2018-08-29,1,0,0.507543544793742,2018
2018-08-30,1,0,0.7121482038854164,2018
2018-08-31,0,1,0.4525949057550465,2018
2018-09-03,1,0,0.5558693112007831,2018
2018-09-04,1,0,0.5590598275754496,2018
2018-09-05,0,0,0.3498760905451798,2018
2018-09-06,1,1,0.5299765646789207,2018
2018-09-07,0,1,0.48242893101471024,2018
2018-09-10,0,0,0.33986491935820273,2018
2018-09-11,1,0,0.6260084703212949,2018
2018-09-12,1,1,0.6262218555617249,2018
2018-09-14,1,1,0.6212235416213715,2018
2018-09-17,0,0,0.4732555621294987,2018
2018-09-18,0,0,0.4738617437500179,2018
2018-09-19,1,0,0.6072683682191908,2018
2018-09-21,1,0,0.5925773317833574,2018
2018-09-24,0,0,0.4684322626739478,2018
2018-09-25,1,1,0.5201072554351726,2018
2018-09-26,0,0,0.4651980743209238,2018
2018-09-27,0,0,0.47696347049497356,2018
2018-09-28,1,0,0.57153239141277,2018
2018-10-01,1,1,0.6129510461780354,2018
2018-10-03,1,0,0.6275676647303681,2018
2018-10-04,0,0,0.4869290178061443,2018
2018-10-05,0,0,0.3582607058937519,2018
2018-10-08,0,1,0.3859250230060327,2018
2018-10-09,0,0,0.41943852371082757,2018
2018-10-10,1,1,0.5344356687117906,2018
2018-10-11,0,0,0.44088433900772167,2018
2018-10-12,0,1,0.4587999540406026,2018
2018-10-15,1,1,0.6750914503491078,2018
2018-10-16,0,1,0.4533696068252206,2018
2018-10-17,1,0,0.6565068090692301,2018
2018-10-19,0,0,0.4956553895980851,2018
2018-10-22,0,0,0.489350621277402,2018
2018-10-23,0,0,0.4326156566071218,2018
2018-10-24,0,1,0.47507163108090317,2018
2018-10-25,0,0,0.45848680940101194,2018
2018-10-26,1,0,0.6447541181223819,2018
2018-10-29,1,1,0.5042159399662853,2018
2018-10-30,0,0,0.3733488907768556,2018
2018-10-31,1,1,0.54306440323258,2018
2018-11-01,0,0,0.4965503634696734,2018
2018-11-02,1,1,0.6220989937921062,2018
2018-11-05,0,0,0.3187507662819272,2018
2018-11-06,1,1,0.6576585957335308,2018
2018-11-07,1,1,0.5852688633830747,2018
2018-11-09,1,0,0.6999683329729599,2018
2018-11-12,0,0,0.39409055068579624,2018
2018-11-13,0,1,0.3748894293455386,2018
2018-11-14,1,0,0.5561534119165595,2018
2018-11-15,0,1,0.49576952507319916,2018
2018-11-16,1,1,0.6381911999853584,2018
2018-11-19,1,1,0.6528734549485655,2018
2018-11-20,1,0,0.515626233758127,2018
2018-11-21,0,0,0.40739725355334744,2018
2018-11-22,1,0,0.6941907504092025,2018
2018-11-26,1,1,0.6478828440279782,2018
2018-11-27,1,1,0.6828546448456793,2018
2018-11-28,1,1,0.5246151162229056,2018
2018-11-29,1,1,0.6503341195998193,2018
2018-11-30,1,1,0.5777939994934933,2018
2018-12-03,1,1,0.6380842292340999,2018
2018-12-04,1,0,0.6774465534432664,2018
2018-12-05,0,0,0.45142494223740665,2018
2018-12-06,0,0,0.45775150361341216,2018
2018-12-07,1,1,0.5303849200049722,2018
2018-12-10,1,0,0.5602655713473437,2018
2018-12-11,1,1,0.5085698535369649,2018
2018-12-12,0,1,0.43072482093589215,2018
2018-12-13,1,1,0.6566223510898962,2018
2018-12-14,1,1,0.5433861561569512,2018
2018-12-17,0,1,0.36001156275440116,2018
2018-12-18,0,1,0.49333559407599453,2018
2018-12-19,1,1,0.5673211134005194,2018
2018-12-20,0,0,0.49847861760266293,2018
2018-12-21,0,0,0.45659445065033966,2018
2018-12-24,0,0,0.35321329549949715,2018
2018-12-26,0,1,0.47317235466257784,2018
2018-12-27,1,1,0.5904358820497567,2018
2018-12-28,1,1,0.6921774514584271,2018
2018-12-31,1,1,0.5603862706766258,2018
2019-01-02,1,0,0.6546727530968649,2019
2019-01-03,1,0,0.5810461447601718,2019
2019-01-04,0,1,0.47589800426557166,2019
2019-01-07,1,1,0.5647650126004747,2019
2019-01-08,1,1,0.7076776996822862,2019
2019-01-09,1,1,0.6345981269222307,2019
2019-01-10,1,0,0.7125011328916608,2019
2019-01-11,1,0,0.5940832837168061,2019
2019-01-14,1,0,0.5723502180904891,2019
2019-01-15,0,1,0.42045870690740983,2019
2019-01-16,1,1,0.6340518996137903,2019
2019-01-17,1,1,0.5015828980347904,2019
2019-01-18,1,1,0.6008015477143689,2019
2019-01-21,1,1,0.6180451919103136,2019
2019-01-22,1,0,0.6154586778475702,2019
2019-01-23,0,0,0.4292300753456715,2019
2019-01-24,1,1,0.6166205072729042,2019
2019-01-25,1,0,0.5438196637484518,2019
2019-01-28,1,0,0.6516637350982291,2019
2019-01-29,0,0,0.4004534064080359,2019
2019-01-30,1,0,0.5704960957951429,2019
2019-01-31,1,1,0.7034855995868284,2019
2019-02-01,1,1,0.6383479450442608,2019
2019-02-04,0,1,0.4270049725029761,2019
2019-02-05,1,1,0.5661169295910188,2019
2019-02-06,1,1,0.5662830136581806,2019
2019-02-07,0,1,0.45090968778998636,2019
2019-02-08,0,0,0.40908208487868136,2019
2019-02-11,1,0,0.5098488524593029,2019
2019-02-12,0,0,0.422382726763201,2019
2019-02-14,1,0,0.709142574991398,2019
2019-02-15,1,0,0.5054336729898937,2019
2019-02-18,1,0,0.6978258093755489,2019
2019-02-19,1,0,0.6723110979447968,2019
2019-02-20,1,1,0.6265269418934304,2019
2019-02-21,1,1,0.6446947920457269,2019
2019-02-22,0,1,0.3319014804446715,2019
2019-02-25,1,1,0.6670882113309554,2019
2019-02-26,1,0,0.5583335441880729,2019
2019-02-27,1,0,0.5379010150917882,2019
2019-02-28,0,0,0.373318157547859,2019
2019-03-01,0,1,0.4648983945083021,2019
2019-03-05,1,1,0.5551062013690634,2019
2019-03-06,0,1,0.4240325180957892,2019
2019-03-07,0,1,0.39227031840977367,2019
2019-03-08,0,0,0.3955957439644646,2019
2019-03-11,1,1,0.5887341838796004,2019
2019-03-12,1,1,0.655544964321175,2019
2019-03-13,1,1,0.66029780453142,2019
2019-03-14,1,1,0.6907647498526543,2019
2019-03-15,0,1,0.3719327683744739,2019
2019-03-18,1,1,0.6703914629523305,2019
2019-03-19,1,1,0.6397803463410194,2019
2019-03-20,1,0,0.5561157297096218,2019
2019-03-22,1,0,0.5690071149164164,2019
2019-03-25,0,0,0.3700372997063328,2019
2019-03-26,1,1,0.5373087206942393,2019
2019-03-27,1,0,0.6869138212585262,2019
2019-03-28,0,1,0.48632211286799704,2019
2019-04-01,0,1,0.47365747351707127,2019
2019-04-02,1,1,0.5607690877218177,2019
2019-04-03,1,0,0.5878551085950068,2019
2019-04-04,1,0,0.6332554275366149,2019
2019-04-05,1,1,0.54050414053732,2019
2019-04-08,1,0,0.6635740059133343,2019
2019-04-09,1,1,0.6398249143305349,2019
2019-04-10,0,0,0.4357437322631334,2019
2019-04-11,1,1,0.6758787749686934,2019
2019-04-12,0,1,0.38195070263731473,2019
2019-04-15,1,1,0.6365760803717663,2019
2019-04-16,1,1,0.5194616095966726,2019
2019-04-18,0,0,0.4536575641854153,2019
2019-04-22,1,0,0.5603951441341899,2019
2019-04-23,1,0,0.5130820954569764,2019
2019-04-24,1,1,0.6346608264279626,2019
2019-04-25,0,0,0.48818812354031843,2019
2019-04-26,0,1,0.46287722584839003,2019
2019-04-30,1,0,0.6243179225056062,2019
2019-05-02,1,0,0.607445071184102,2019
2019-05-03,0,0,0.3650400955113128,2019
2019-05-06,1,0,0.6886306937279559,2019
2019-05-07,1,0,0.5197737089863357,2019
2019-05-08,0,0,0.4104103725110891,2019
2019-05-09,0,0,0.4354458832494815,2019
2019-05-10,1,0,0.5332015780604668,2019
2019-05-13,1,0,0.5931394650139494,2019
2019-05-14,0,1,0.4476910498186866,2019
2019-05-15,1,0,0.6171319669823595,2019
2019-05-16,1,1,0.6695053803070792,2019
2019-05-17,1,1,0.6047915513395375,2019
2019-05-20,0,1,0.3776277783033322,2019
2019-05-21,0,0,0.3681653151541389,2019
2019-05-22,1,1,0.6024707962204949,2019
2019-05-23,0,0,0.45313016265879796,2019
2019-05-24,0,1,0.48729596260927616,2019
2019-05-27,0,1,0.46521190640850846,2019
2019-05-28,1,1,0.5428740002932158,2019
2019-05-29,0,0,0.3943615986263533,2019
2019-05-30,0,1,0.3838746051412556,2019
2019-05-31,1,0,0.6101381974270312,2019
2019-06-03,0,1,0.49722069623168685,2019
2019-06-04,1,0,0.5639695074076152,2019
2019-06-06,1,0,0.6875813706530751,2019
2019-06-07,1,1,0.6822486422968393,2019
2019-06-10,1,1,0.6975021409166037,2019
2019-06-11,0,1,0.4405325928146749,2019
2019-06-12,1,0,0.526997486754911,2019
2019-06-13,0,1,0.42581798631512485,2019
2019-06-14,1,0,0.6856439499653348,2019
2019-06-17,0,0,0.49667397857778034,2019
2019-06-18,1,1,0.50347511084022,2019
2019-06-19,1,0,0.6386096973085192,2019
2019-06-20,1,1,0.6603391096630912,2019
2019-06-21,1,0,0.6553759411980248,2019
2019-06-24,0,0,0.46457349707212425,2019
2019-06-25,1,1,0.5462021459701087,2019
2019-06-26,0,1,0.35654847966605874,2019
2019-06-27,0,0,0.3601463007899557,2019
2019-06-28,1,0,0.5805483293068194,2019
2019-07-01,1,1,0.653123985478847,2019
2019-07-02,1,1,0.5889517757990742,2019
2019-07-03,1,1,0.6117804575389431,2019
2019-07-04,1,1,0.6644302448637618,2019
2019-07-05,1,0,0.6690965440223955,2019
2019-07-08,0,0,0.3465073261149769,2019
2019-07-09,0,0,0.44635996441532627,2019
2019-07-10,1,0,0.5094815049733673,2019
2019-07-11,1,1,0.6727066476206899,2019
2019-07-12,1,0,0.5821997610840306,2019
2019-07-15,1,1,0.6403610611628295,2019
2019-07-16,0,1,0.4907766077260394,2019
2019-07-17,0,1,0.3999358592996017,2019
2019-07-18,0,0,0.4674163270024647,2019
2019-07-19,1,0,0.7093962602464873,2019
2019-07-22,0,0,0.3885944974680096,2019
2019-07-23,1,0,0.5607395917281919,2019
2019-07-24,1,0,0.6165673254454072,2019
2019-07-25,1,0,0.6324524701927221,2019
2019-07-26,0,1,0.412162492311207,2019
2019-07-29,1,0,0.612253096936597,2019
2019-07-30,1,0,0.5044978470515193,2019
2019-07-31,1,1,0.5463331605635625,2019
2019-08-01,0,0,0.39704761779634345,2019
2019-08-02,0,1,0.42569833606826274,2019
2019-08-05,1,0,0.5162098409103947,2019
2019-08-06,0,1,0.4832515245637116,2019
2019-08-07,1,0,0.5385615720106788,2019
2019-08-08,1,1,0.5837067417187969,2019
2019-08-09,1,1,0.5936631069682959,2019
2019-08-13,0,0,0.46693895901732174,2019
2019-08-14,1,1,0.6116893415117491,2019
2019-08-16,0,1,0.4284258066948666,2019
2019-08-19,1,1,0.6001263264313614,2019
2019-08-20,1,0,0.6006313831779589,2019
2019-08-21,0,0,0.43942590119971137,2019
2019-08-22,1,0,0.6136130859698428,2019
2019-08-23,0,1,0.4290954594364127,2019
2019-08-26,1,1,0.5124842047430508,2019
2019-08-27,1,1,0.6230341082538114,2019
2019-08-28,1,0,0.5643389619941729,2019
2019-08-29,1,0,0.7014141689258809,2019
2019-08-30,1,1,0.5435864850531096,2019
2019-09-03,0,0,0.49232545299255576,2019
2019-09-04,0,1,0.4327554697198185,2019
2019-09-05,1,1,0.6753739345974554,2019
2019-09-06,1,1,0.5925412353125853,2019
2019-09-09,1,1,0.5405702730488773,2019
2019-09-11,0,1,0.44511512203126796,2019
2019-09-12,1,0,0.6308881497042119,2019
2019-09-13,1,1,0.6027210546472016,2019
2019-09-16,0,0,0.4045540572715698,2019
2019-09-17,1,0,0.5138936214392755,2019
2019-09-18,1,1,0.6565245985461666,2019
2019-09-19,0,0,0.47684958454887344,2019
2019-09-20,1,1,0.5697716221823528,2019
2019-09-23,0,1,0.4710680880318905,2019
2019-09-24,1,0,0.5343314719738934,2019
2019-09-25,1,0,0.5081071560119425,2019
2019-09-26,0,1,0.46055960911207583,2019
2019-09-27,0,0,0.4484792613633404,2019
2019-09-30,0,0,0.4959472164323874,2019
2019-10-01,1,0,0.5818300809637698,2019
2019-10-03,1,0,0.5138090706670817,2019
2019-10-04,1,0,0.607086696166985,2019
2019-10-07,1,0,0.6476534157490512,2019
2019-10-09,0,1,0.37271061808745815,2019
2019-10-10,1,0,0.6024533972065325,2019
2019-10-11,1,1,0.6098918060210461,2019
2019-10-14,1,1,0.6029254987160444,2019
2019-10-15,0,1,0.46951057602693735,2019
2019-10-16,1,1,0.5829960688646121,2019
2019-10-17,1,1,0.5680947008358203,2019
2019-10-18,1,1,0.6688403729627075,2019
2019-10-22,1,0,0.5528988192456336,2019
2019-10-23,0,1,0.4822608270667574,2019
2019-10-24,1,0,0.5838971972802339,2019
2019-10-25,1,1,0.583141210232917,2019
2019-10-29,1,1,0.5366880597053211,2019
2019-10-30,0,1,0.49676414990344087,2019
2019-10-31,1,1,0.603946758381856,2019
2019-11-01,1,1,0.5579302534652728,2019
2019-11-04,1,1,0.5819176696853855,2019
2019-11-05,1,0,0.5854715327801878,2019
2019-11-06,0,1,0.329504683916692,2019
2019-11-07,1,1,0.5783520791658742,2019
2019-11-08,1,0,0.5219112768313853,2019
2019-11-11,1,1,0.5255156518836565,2019
2019-11-13,0,0,0.4656428634345284,2019
2019-11-14,1,1,0.5691780909128272,2019
2019-11-15,1,1,0.6533056714114605,2019
2019-11-18,1,0,0.6859685761274495,2019
2019-11-19,1,1,0.5917625965198183,2019
2019-11-20,1,1,0.5300399827907458,2019
2019-11-21,0,0,0.4681304589828639,2019
2019-11-22,0,0,0.39805331372120817,2019
2019-11-25,1,1,0.5054214624121363,2019
2019-11-26,1,0,0.5506919300258634,2019
2019-11-27,1,1,0.6183205381734127,2019
2019-11-28,1,1,0.6002929299023002,2019
2019-11-29,1,0,0.5956317752505592,2019
2019-12-02,1,0,0.5466079800358629,2019
2019-12-03,0,0,0.38154376797261974,2019
2019-12-04,0,1,0.4210379830973893,2019
2019-12-05,1,0,0.5871404057027209,2019
2019-12-06,1,0,0.6066218540715369,2019
2019-12-09,1,1,0.6038689693526924,2019
2019-12-10,0,0,0.4688266649605407,2019
2019-12-11,1,1,0.5114265704693276,2019
2019-12-12,1,1,0.6111891012928227,2019
2019-12-13,1,1,0.6175327768035586,2019
2019-12-16,1,0,0.6030951241482215,2019
2019-12-17,1,1,0.5852572909751858,2019
2019-12-18,1,1,0.5342979465604678,2019
2019-12-19,0,1,0.44813359486417625,2019
2019-12-20,1,1,0.6265724004127111,2019
2019-12-23,1,0,0.5514061708199338,2019
2019-12-24,1,0,0.5329402946127376,2019
2019-12-26,1,0,0.5548798848203799,2019
2019-12-27,1,1,0.5535514250247163,2019
2019-12-30,1,1,0.5860460389071108,2019
2019-12-31,0,0,0.37553820911364405,2019
2020-01-01,1,1,0.6472411166652557,2020
2020-01-02,1,1,0.6731082778412136,2020
2020-01-03,1,0,0.6196690905081474,2020
2020-01-06,0,0,0.4335160400864251,2020
2020-01-07,1,1,0.628216221666264,2020
2020-01-08,0,0,0.40353315610676854,2020
2020-01-09,1,1,0.517899754079342,2020
2020-01-10,1,1,0.6200204100568023,2020
2020-01-13,1,1,0.5083180909683054,2020
2020-01-14,1,1,0.6260264883264425,2020
2020-01-15,0,0,0.49527920237865375,2020
2020-01-16,1,1,0.6506196420321104,2020
2020-01-17,1,0,0.6275584860959895,2020
2020-01-20,1,0,0.5368070276722239,2020
2020-01-21,1,0,0.5025778285703838,2020
2020-01-22,0,0,0.4484909399425861,2020
2020-01-23,1,1,0.546139596647466,2020
2020-01-24,1,1,0.5386513241721185,2020
2020-01-27,0,0,0.3937098091601334,2020
2020-01-28,0,0,0.36676213109740885,2020
2020-01-29,1,1,0.5804798464795972,2020
2020-01-30,0,0,0.49055692614991886,2020
2020-01-31,1,0,0.5916790039849604,2020
2020-02-03,0,0,0.4861117198847502,2020
2020-02-04,1,1,0.5876828533375579,2020
2020-02-05,1,1,0.558296891929443,2020
2020-02-06,1,1,0.6482489131707402,2020
2020-02-07,1,0,0.5651697793670806,2020
2020-02-10,0,0,0.4503708469150901,2020
2020-02-11,1,1,0.5426827523621831,2020
2020-02-12,1,1,0.5926567073418423,2020
2020-02-13,1,0,0.5939788258173304,2020
2020-02-14,0,0,0.4783206796041825,2020
2020-02-17,1,0,0.559323730223767,2020
2020-02-18,1,0,0.5820245889021181,2020
2020-02-19,0,1,0.4536756724422489,2020
2020-02-20,1,0,0.5752610956368862,2020
2020-02-24,0,0,0.4740139188711324,2020
2020-02-25,0,0,0.4550064712725706,2020
2020-02-26,0,0,0.47629287513155183,2020
2020-02-27,0,0,0.42461949252415687,2020
2020-02-28,0,0,0.45842742280472243,2020
2020-03-02,0,0,0.45014076187523694,2020
2020-03-03,1,1,0.6503853416475439,2020
2020-03-04,0,0,0.4613345416258417,2020
2020-03-05,1,1,0.6269560576266975,2020
2020-03-06,0,0,0.49361978443126486,2020
2020-03-09,0,0,0.4494872918134347,2020
2020-03-11,0,1,0.4308367738069474,2020
2020-03-12,0,0,0.3130943295236362,2020
2020-03-13,0,1,0.35352903086597076,2020
2020-03-16,1,0,0.5509763638889279,2020
2020-03-17,0,0,0.44253965139002327,2020
2020-03-18,1,0,0.5401721970270567,2020
2020-03-19,0,0,0.31221069180399685,2020
2020-03-20,1,1,0.5205844061530592,2020
2020-03-23,0,0,0.38066754752668897,2020
2020-03-24,0,1,0.4654891015472936,2020
2020-03-25,1,1,0.6251802656527293,2020
2020-03-26,1,1,0.6230783889457414,2020
2020-03-27,1,1,0.643630556296213,2020
2020-03-30,0,0,0.43384700680172483,2020
2020-03-31,1,1,0.6018492223555879,2020
2020-04-01,0,0,0.34312679088745546,2020
2020-04-03,0,0,0.3741923015308498,2020
2020-04-07,0,1,0.395805648228971,2020
2020-04-08,0,0,0.39597876621493805,2020
2020-04-09,1,1,0.641203875798648,2020
2020-04-13,1,0,0.6747491294412807,2020
2020-04-15,0,0,0.37177464641177993,2020
2020-04-16,0,1,0.3427523494472849,2020
2020-04-17,1,1,0.5763510593503872,2020
2020-04-20,1,0,0.6503541839741714,2020
2020-04-21,0,0,0.4192436965635953,2020
2020-04-22,0,1,0.3776477782802465,2020
2020-04-23,1,1,0.6524653546294288,2020
2020-04-24,0,0,0.49902855422183845,2020
2020-04-27,1,1,0.6030575833320744,2020
2020-04-28,1,1,0.6058428851326935,2020
2020-04-29,0,1,0.4118313990898701,2020
2020-04-30,1,1,0.7122161480516038,2020
2020-05-04,0,0,0.43633149608729677,2020
2020-05-05,1,0,0.6143863416770681,2020
2020-05-06,1,1,0.648611423575643,2020
2020-05-07,0,0,0.34751041832893564,2020
2020-05-08,1,1,0.5850331113703287,2020
2020-05-11,1,0,0.6469061709878993,2020
2020-05-12,0,0,0.44275054989709306,2020
2020-05-13,0,1,0.4701775936901352,2020
2020-05-14,0,0,0.38410164307354305,2020
2020-05-15,1,0,0.6315271411306942,2020
2020-05-18,1,0,0.5602967055040409,2020
2020-05-19,1,1,0.6242436626035536,2020
2020-05-20,1,1,0.5016207642580346,2020
2020-05-21,1,1,0.7091771669056581,2020
2020-05-22,0,0,0.4036584744021963,2020
2020-05-26,1,0,0.5225052415027757,2020
2020-05-27,1,1,0.6300384929721436,2020
2020-05-28,1,1,0.6418876282970184,2020
2020-05-29,1,1,0.5305060686851227,2020
2020-06-01,1,1,0.582210026700089,2020
2020-06-02,1,1,0.6617183276530557,2020
2020-06-03,1,1,0.6509079059433178,2020
2020-06-04,1,0,0.6235889712874731,2020
2020-06-05,0,1,0.4476323500777078,2020
2020-06-08,1,1,0.5662512934627012,2020
2020-06-09,1,0,0.6214597736668538,2020
2020-06-10,1,1,0.5226707563516654,2020
2020-06-11,1,0,0.5124253350116523,2020
2020-06-12,0,1,0.42313022952471724,2020
2020-06-15,1,0,0.5680477584748191,2020
2020-06-16,1,1,0.6869239318853693,2020
2020-06-17,1,0,0.5919024051480286,2020
2020-06-18,0,1,0.47211276449787964,2020
2020-06-19,1,1,0.5484802850914885,2020
2020-06-22,1,1,0.5229397695997055,2020
2020-06-23,1,1,0.6964038009967355,2020
2020-06-24,1,0,0.6823483435127521,2020
2020-06-25,0,0,0.36137929031137334,2020
2020-06-26,1,1,0.6559481314842249,2020
2020-06-29,0,0,0.4097948907380419,2020
2020-06-30,1,0,0.636594194516561,2020
2020-07-01,1,1,0.575515652125353,2020
2020-07-02,1,1,0.5960566377957337,2020
2020-07-03,1,1,0.6258645381571774,2020
2020-07-06,1,1,0.6259156216631679,2020
2020-07-07,1,1,0.6854657826278054,2020
2020-07-08,0,0,0.44178654700849185,2020
2020-07-09,1,1,0.727183495653378,2020
2020-07-10,0,0,0.37875280563231006,2020
2020-07-13,1,1,0.665432221127503,2020
2020-07-14,0,0,0.4493550444556406,2020
2020-07-15,1,1,0.679918434890784,2020
2020-07-16,1,1,0.7070263716254348,2020
2020-07-17,0,1,0.3881396107967252,2020
2020-07-20,1,1,0.6523889453301247,2020
2020-07-21,1,1,0.6659418567774955,2020
2020-07-22,1,0,0.61869310692147,2020
2020-07-23,1,1,0.6181821103635553,2020
2020-07-24,0,0,0.4696525977365287,2020
2020-07-27,0,0,0.3790359047861473,2020
2020-07-28,1,1,0.6483007771450546,2020
2020-07-29,0,0,0.4347989843349084,2020
2020-07-30,1,0,0.6902663718982868,2020
2020-07-31,0,0,0.4512717461277931,2020
2020-08-03,1,0,0.5791074430248105,2020
2020-08-04,1,1,0.6753695795557875,2020
2020-08-05,1,1,0.6362932709032709,2020
2020-08-06,1,1,0.6561501264497822,2020
2020-08-07,1,1,0.6317078545393404,2020
2020-08-10,0,1,0.3858117450987409,2020
2020-08-11,1,1,0.5929917993434632,2020
2020-08-12,0,0,0.277767551713471,2020
2020-08-13,1,0,0.6896595981058411,2020
2020-08-14,0,0,0.4383836952965063,2020
2020-08-17,1,1,0.5620639622088569,2020
2020-08-18,1,1,0.6187207771030028,2020
2020-08-19,1,1,0.6349928770662132,2020
2020-08-20,0,0,0.3771924454025498,2020
2020-08-21,1,1,0.6423358311034416,2020
2020-08-24,1,1,0.5121087835489224,2020
2020-08-25,1,1,0.6320227777728976,2020
2020-08-26,1,1,0.6534825641303729,2020
2020-08-27,1,1,0.562913002196238,2020
2020-08-28,1,1,0.5085312774686092,2020
2020-08-31,1,0,0.6507665300500782,2020
2020-09-01,0,1,0.45897228894665126,2020
2020-09-02,1,1,0.6404160168983672,2020
2020-09-03,1,0,0.6171179465120489,2020
2020-09-04,0,0,0.3801281593808346,2020
2020-09-07,0,1,0.3068108767994386,2020
2020-09-08,0,0,0.2948004100373381,2020
2020-09-09,0,0,0.3949617577381373,2020
2020-09-10,1,1,0.7154670890340151,2020
2020-09-11,0,1,0.3300783290066181,2020
2020-09-14,1,0,0.5004625652516008,2020
2020-09-15,1,1,0.6464798266235886,2020
2020-09-16,1,1,0.6641052831907805,2020
2020-09-17,1,0,0.5363934276252101,2020
2020-09-18,0,0,0.4322095611705445,2020
2020-09-21,0,0,0.36218946426241816,2020
2020-09-22,0,0,0.3433076739926303,2020
2020-09-23,1,0,0.5908008387378559,2020
2020-09-24,0,0,0.3257554354690505,2020
2020-09-25,1,1,0.6246693366099876,2020
2020-09-28,1,1,0.6481202226201027,2020
2020-09-29,1,0,0.6789203342743643,2020
2020-09-30,1,1,0.5522194629310878,2020
2020-10-01,1,1,0.6833923106248809,2020
2020-10-05,1,1,0.6160627243591776,2020
2020-10-06,1,1,0.6699208022711167,2020
2020-10-07,0,1,0.3823632725130606,2020
2020-10-08,1,1,0.6571987443483586,2020
2020-10-09,1,1,0.6912205577144539,2020
2020-10-12,1,1,0.6552089228971212,2020
2020-10-13,1,1,0.6827123008379045,2020
2020-10-14,0,1,0.4320294442292688,2020
2020-10-15,1,0,0.5114105477838461,2020
2020-10-16,0,1,0.39488768397460094,2020
2020-10-19,1,1,0.5134222194939008,2020
2020-10-20,0,1,0.36293405614695023,2020
2020-10-21,1,1,0.7669062337009379,2020
2020-10-22,1,0,0.5000793422610974,2020
2020-10-23,1,1,0.5811761545588826,2020
2020-10-26,1,0,0.6121392862532399,2020
2020-10-27,0,1,0.3778404094364625,2020
2020-10-28,1,0,0.5276878476495289,2020
2020-10-29,0,0,0.33143889373389385,2020
2020-10-30,1,0,0.5456175368159243,2020
2020-11-02,0,1,0.3405329230263397,2020
2020-11-03,1,1,0.6606852134826572,2020
2020-11-04,1,1,0.7035594200404484,2020
2020-11-05,1,1,0.7027093730869588,2020
2020-11-06,1,1,0.6784746309843009,2020
2020-11-09,1,1,0.5245676541465769,2020
2020-11-10,1,1,0.5391434487158338,2020
2020-11-11,0,1,0.4849706814857456,2020
2020-11-12,1,0,0.6344964649915315,2020
2020-11-13,0,1,0.4249037429473226,2020
2020-11-17,1,1,0.6511456462531819,2020
2020-11-18,0,1,0.443620727656927,2020
2020-11-19,0,0,0.34949917369562444,2020
2020-11-20,1,1,0.6212187693342838,2020
2020-11-23,0,1,0.4264598950699972,2020
2020-11-24,1,1,0.5735702462154029,2020
2020-11-25,1,0,0.6753356172514952,2020
2020-11-26,1,1,0.5198670272266306,2020
2020-11-27,1,0,0.52971653160593,2020
2020-12-01,1,1,0.6632272904658533,2020
2020-12-02,1,1,0.6081668695485104,2020
2020-12-03,1,1,0.6797924138163647,2020
2020-12-04,1,1,0.5646761114348341,2020
2020-12-07,1,1,0.6474695131230238,2020
2020-12-08,1,1,0.5269097536516846,2020
2020-12-09,1,1,0.592904572533683,2020
2020-12-10,0,0,0.33470920932347814,2020
2020-12-11,1,1,0.5652070992309215,2020
2020-12-14,0,1,0.47359681101362094,2020
2020-12-15,0,1,0.46759065620075574,2020
2020-12-16,1,1,0.7269552652539605,2020
2020-12-17,1,1,0.6531978877799812,2020
2020-12-18,1,1,0.6928808566737432,2020
2020-12-21,0,0,0.47969862819368314,2020
2020-12-22,0,1,0.42343961923803164,2020
2020-12-23,1,1,0.5121445534921364,2020
2020-12-24,1,1,0.6414380642179313,2020
2020-12-28,1,1,0.7063022132928575,2020
2020-12-29,1,1,0.6734219186421467,2020
2020-12-30,1,1,0.5326416937556008,2020
2020-12-31,1,0,0.6634181359881615,2020
2021-01-01,1,1,0.6710013898401144,2021
2021-01-04,1,1,0.6115488327975425,2021
2021-01-05,0,1,0.4265143803626178,2021
2021-01-06,1,0,0.7743205205091579,2021
2021-01-07,1,0,0.5497098461461969,2021
2021-01-08,1,1,0.6442472025932011,2021
2021-01-11,1,1,0.5813674824038102,2021
2021-01-12,0,1,0.3863412343188805,2021
2021-01-13,1,1,0.6357760976118368,2021
2021-01-14,1,1,0.6524803814948705,2021
2021-01-15,0,0,0.3874479866286746,2021
2021-01-18,0,0,0.383712477625584,2021
2021-01-19,0,1,0.3942990624927142,2021
2021-01-20,1,1,0.6547545308695465,2021
2021-01-21,1,0,0.6397253820723335,2021
2021-01-22,1,0,0.5951461603554593,2021
2021-01-25,0,0,0.4578474751835835,2021
2021-01-27,1,0,0.585565666232551,2021
2021-01-28,0,0,0.3810966926080374,2021
2021-01-29,1,0,0.6864658675648032,2021
2021-02-01,0,1,0.35462071256869954,2021
2021-02-02,1,1,0.6514474705396508,2021
2021-02-03,1,1,0.6486916508582332,2021
2021-02-04,1,1,0.5618866085180508,2021
2021-02-05,1,1,0.6046409300161901,2021
2021-02-08,1,1,0.6350552526375913,2021
2021-02-09,1,0,0.6868019423369839,2021
2021-02-10,1,0,0.5748801193350878,2021
2021-02-11,0,1,0.4946163148736701,2021
2021-02-12,1,0,0.5436712511562319,2021
2021-02-15,1,1,0.6722575668298499,2021
2021-02-16,1,0,0.6843995423023601,2021
2021-02-17,0,0,0.31916798914258143,2021
2021-02-18,1,0,0.5445236165239792,2021
2021-02-19,1,0,0.5312132915479153,2021
2021-02-22,0,0,0.3833705098668381,2021
2021-02-23,0,1,0.4823630622583062,2021
2021-02-24,1,1,0.5513220935425323,2021
2021-02-25,1,1,0.6905388510913868,2021
2021-02-26,0,0,0.2734604609847415,2021
2021-03-01,0,1,0.4794661122398343,2021
2021-03-02,1,1,0.665999952991113,2021
2021-03-03,0,1,0.4557623105039816,2021
2021-03-04,0,0,0.2960694610918501,2021
2021-03-05,0,0,0.30645328148966017,2021
2021-03-08,1,1,0.7077616039382009,2021
2021-03-09,0,1,0.3327026509412137,2021
2021-03-10,1,1,0.7042497006065831,2021
2021-03-12,1,0,0.7198288040902662,2021
2021-03-15,0,0,0.4443850622089229,2021
2021-03-16,1,0,0.6089479213867933,2021
2021-03-17,0,0,0.45050516742266417,2021
2021-03-18,1,0,0.6482073945532235,2021
2021-03-19,0,1,0.2991841846813142,2021
2021-03-22,1,0,0.5672399741913894,2021
2021-03-23,1,1,0.7015274736817666,2021
2021-03-24,0,0,0.38630013515305534,2021
2021-03-25,1,0,0.5398099549778738,2021
2021-03-26,1,1,0.5821929844123199,2021
2021-03-30,1,1,0.6594503409674206,2021
2021-03-31,0,0,0.4909853931311734,2021
2021-04-01,1,1,0.6272089256654041,2021
2021-04-05,1,0,0.6541280996696781,2021
2021-04-06,1,1,0.6393962989466027,2021
2021-04-07,1,1,0.5685218233110042,2021
2021-04-08,1,1,0.570145246649933,2021
2021-04-09,1,0,0.6976622501161134,2021
2021-04-12,1,0,0.6097863499670781,2021
2021-04-13,1,1,0.5469574264914548,2021
2021-04-15,1,1,0.6924473112908365,2021
2021-04-16,1,1,0.6337978147767691,2021
2021-04-19,1,0,0.646761542328601,2021
2021-04-20,0,0,0.4047883438645536,2021
2021-04-22,0,1,0.4528926911024266,2021
2021-04-23,0,0,0.3864738647446084,2021
2021-04-26,1,1,0.693991923996349,2021
2021-04-27,1,1,0.6325725534419564,2021
2021-04-28,0,1,0.4396727808698413,2021
2021-04-29,1,1,0.534428876189913,2021
2021-04-30,1,0,0.7150655643779177,2021
2021-05-03,0,1,0.38035586972363594,2021
2021-05-04,1,0,0.6168120556602721,2021
2021-05-05,0,1,0.4134408885122064,2021
2021-05-06,1,1,0.5361775009938551,2021
2021-05-07,1,1,0.6150924784985279,2021
2021-05-10,1,1,0.6617463456795679,2021
2021-05-11,0,0,0.37736020781475793,2021
2021-05-12,0,0,0.3719430716291947,2021
2021-05-14,0,0,0.26746242434308876,2021
2021-05-17,1,1,0.6890004567038558,2021
2021-05-18,1,1,0.5665452569748374,2021
2021-05-19,0,0,0.40364087055698833,2021
2021-05-20,0,0,0.4348883457450869,2021
2021-05-21,1,1,0.7161372392476573,2021
2021-05-24,1,1,0.5068587558727594,2021
2021-05-25,1,1,0.6694429997298572,2021
2021-05-26,1,1,0.585589013586937,2021
2021-05-27,1,1,0.5601403308296004,2021
2021-05-28,1,1,0.5521679126486887,2021
2021-05-31,1,1,0.5118999655137744,2021
2021-06-01,1,0,0.5843942763691046,2021
2021-06-02,0,1,0.48676372074113855,2021
2021-06-03,1,1,0.6190387914179729,2021
2021-06-04,0,0,0.40115527040606425,2021
2021-06-07,1,1,0.6172564490033235,2021
2021-06-08,1,0,0.5258927397576388,2021
2021-06-09,1,0,0.5535628797349565,2021
2021-06-10,0,1,0.49598096617358295,2021
2021-06-11,1,1,0.613050712478264,2021
2021-06-14,0,1,0.46538275900452347,2021
2021-06-15,1,1,0.5683708092642434,2021
2021-06-16,0,0,0.48264924696948036,2021
2021-06-17,0,0,0.3310756267321896,2021
2021-06-18,0,0,0.47550365992985877,2021
2021-06-21,0,1,0.3738535623644851,2021
2021-06-22,1,1,0.6870134867231937,2021
2021-06-23,1,0,0.6196210524868168,2021
2021-06-24,0,1,0.46317012365898513,2021
2021-06-25,1,1,0.6513049263058641,2021
2021-06-28,1,0,0.5631520385034633,2021
2021-06-29,1,0,0.5564648886273253,2021
2021-06-30,0,0,0.47750332723188604,2021
2021-07-01,1,0,0.5125331547541232,2021
2021-07-02,1,1,0.5707099869501926,2021
2021-07-05,1,1,0.7049805662606026,2021
2021-07-06,1,0,0.6993040003968694,2021
2021-07-07,0,1,0.4606882795555844,2021
2021-07-08,1,0,0.5619009320202255,2021
2021-07-09,0,0,0.4287977964806249,2021
2021-07-12,1,1,0.6157783227765339,2021
2021-07-13,1,1,0.5957485950284248,2021
2021-07-14,0,1,0.36599754973443516,2021
2021-07-15,1,1,0.6400668542393751,2021
2021-07-16,0,0,0.43308333328493875,2021
2021-07-19,0,0,0.3428767069811701,2021
2021-07-20,0,0,0.3795795726694091,2021
2021-07-22,1,1,0.6423532082596454,2021
2021-07-23,1,1,0.6060226224036789,2021
2021-07-26,1,0,0.5198610378430432,2021
2021-07-27,1,0,0.6017965763162451,2021
2021-07-28,0,0,0.4479706942725645,2021
2021-07-29,1,1,0.5428065707553155,2021
2021-07-30,1,0,0.6877702223184435,2021
2021-08-02,0,1,0.38866770576393317,2021
2021-08-03,1,1,0.525312785472886,2021
2021-08-04,1,1,0.6081329994210993,2021
2021-08-05,0,1,0.3905224658130488,2021
2021-08-06,1,0,0.6140683312022859,2021
2021-08-09,0,1,0.43421094677254646,2021
2021-08-10,0,1,0.4595332831313389,2021
2021-08-11,1,1,0.5130630787439268,2021
2021-08-12,1,1,0.5707651403418988,2021
2021-08-13,1,1,0.5919422376968531,2021
2021-08-16,1,1,0.6677807991851782,2021
2021-08-17,1,1,0.5694885245136415,2021
2021-08-18,0,0,0.3488181543403572,2021
2021-08-20,0,0,0.3607499559228161,2021
2021-08-23,1,1,0.6332664543634514,2021
2021-08-24,1,1,0.6376948305823117,2021
2021-08-25,1,1,0.5812977034002987,2021
2021-08-26,1,1,0.5110375560515945,2021
2021-08-27,0,1,0.38003720345400444,2021
2021-08-30,1,1,0.6234497738473831,2021
2021-08-31,1,1,0.6368476651845184,2021
2021-09-01,0,0,0.4572190250097579,2021
2021-09-02,1,1,0.5731836120616566,2021
2021-09-03,1,1,0.6085855170429894,2021
2021-09-06,1,1,0.514441991223409,2021
2021-09-07,1,0,0.5560929178182833,2021
2021-09-08,0,0,0.37674843119918755,2021
2021-09-09,1,1,0.5190112425542278,2021
2021-09-13,0,0,0.4940984029494412,2021
2021-09-14,1,1,0.5408366748144998,2021
2021-09-15,0,1,0.44365808130166096,2021
2021-09-16,1,1,0.6484903375733265,2021
2021-09-17,0,0,0.39399419023906923,2021
2021-09-20,0,0,0.34722639849992104,2021
2021-09-21,0,1,0.4407988857799592,2021
2021-09-22,0,0,0.4945148146321025,2021
2021-09-23,1,1,0.652901709392692,2021
2021-09-24,1,1,0.5962698553291607,2021
2021-09-27,0,1,0.4919800403895588,2021
2021-09-28,0,0,0.4154072732861732,2021
2021-09-29,0,0,0.27046462314703307,2021
2021-09-30,0,0,0.4938188323745573,2021
2021-10-01,0,0,0.48837554353197876,2021
2021-10-04,1,1,0.6504904510107932,2021
2021-10-05,0,1,0.4393274133961092,2021
2021-10-06,1,0,0.6493951143518534,2021
2021-10-07,1,1,0.5282532175623567,2021
2021-10-08,1,1,0.6427287357952061,2021
2021-10-11,0,1,0.42967761165236495,2021
2021-10-12,0,1,0.45916926594489704,2021
2021-10-13,0,1,0.4780801429446402,2021
2021-10-14,1,1,0.6394703285604098,2021
2021-10-18,1,1,0.6735076216595168,2021
2021-10-19,1,0,0.5861883052244149,2021
2021-10-20,1,0,0.6598179679296007,2021
2021-10-21,1,0,0.6680308828069091,2021
2021-10-22,1,0,0.6156578384335873,2021
2021-10-25,1,1,0.5797083259554687,2021
2021-10-26,1,1,0.5921168192103432,2021
2021-10-27,1,0,0.5671669115971385,2021
2021-10-28,0,0,0.43069826867743344,2021
2021-10-29,1,0,0.6792850027378238,2021
2021-11-01,1,1,0.5040824180282724,2021
2021-11-02,1,0,0.6669739329726484,2021
2021-11-03,1,0,0.6268126177764817,2021
2021-11-04,1,1,0.6400684644299113,2021
2021-11-08,1,1,0.5950972782264198,2021
2021-11-09,1,0,0.5982785453118368,2021
2021-11-10,0,0,0.4616837506464288,2021
2021-11-11,0,0,0.35893549341209324,2021
2021-11-12,1,1,0.5493179385586388,2021
2021-11-15,1,1,0.6492655060558075,2021
2021-11-16,0,0,0.42445778566475767,2021
2021-11-17,0,0,0.4879191440054572,2021
2021-11-18,1,0,0.5230579397222975,2021
2021-11-22,1,0,0.6714491414634122,2021
2021-11-23,0,1,0.32196932112634724,2021
2021-11-24,1,0,0.5950852756924551,2021
2021-11-25,1,1,0.5199153492708991,2021
2021-11-26,1,0,0.5765162859701356,2021
2021-11-29,0,1,0.43785083874105196,2021
2021-11-30,1,0,0.6774999864863712,2021
2021-12-01,0,1,0.4489483672388178,2021
2021-12-02,0,1,0.38587369288036877,2021
2021-12-03,1,0,0.6188266579908644,2021
2021-12-06,0,0,0.4701218611364436,2021
2021-12-07,1,1,0.5899227053297535,2021
2021-12-08,1,1,0.6517545918982538,2021
2021-12-09,1,1,0.6048705313829631,2021
2021-12-10,0,0,0.3701626000207039,2021
2021-12-13,1,0,0.6875014811554437,2021
2021-12-14,0,0,0.3637465312231359,2021
2021-12-15,0,0,0.33119885486127165,2021
2021-12-16,1,1,0.6547884921155851,2021
2021-12-17,1,0,0.537690656611067,2021
2021-12-20,0,0,0.35087979599620034,2021
2021-12-21,0,1,0.3099557246049821,2021
2021-12-22,1,1,0.6482059422295174,2021
2021-12-23,1,1,0.684356172463414,2021
2021-12-24,1,0,0.6791328776139793,2021
2021-12-27,1,1,0.6614327758456788,2021
2021-12-28,1,1,0.6541505935467167,2021
2021-12-29,0,0,0.47935642668041806,2021
2021-12-30,1,0,0.5766904490882472,2021
2021-12-31,0,1,0.4412488161329605,2021
2022-01-03,1,1,0.5587603613612946,2022
2022-01-04,1,1,0.5012372165807387,2022
2022-01-05,0,1,0.46642245432825985,2022
2022-01-06,0,0,0.3956211555195867,2022
2022-01-07,0,1,0.40215202093348074,2022
2022-01-10,0,1,0.42670322166201863,2022
2022-01-11,0,1,0.4505646346602751,2022
2022-01-12,1,1,0.6751347137121201,2022
2022-01-13,1,1,0.6524941251769857,2022
2022-01-14,0,0,0.36188181750349857,2022
2022-01-17,1,1,0.5097523421500414,2022
2022-01-18,1,0,0.5407600918496975,2022
2022-01-19,0,0,0.32682305844049914,2022
2022-01-20,1,0,0.5205046709706874,2022
2022-01-21,0,0,0.3405871958663578,2022
2022-01-24,0,0,0.389356590434154,2022
2022-01-25,1,1,0.5910439721923304,2022
2022-01-27,0,0,0.4334003081362774,2022
2022-01-28,0,0,0.45976246707259477,2022
2022-01-31,1,1,0.7010302334192775,2022
2022-02-01,1,1,0.7370012069957178,2022
2022-02-02,1,1,0.6606216092010151,2022
2022-02-03,1,0,0.7265992415575628,2022
2022-02-04,0,0,0.35925438742137644,2022
2022-02-07,1,0,0.6189213506252347,2022
2022-02-08,1,1,0.5105835702568836,2022
2022-02-09,1,1,0.5847332586528605,2022
2022-02-10,1,1,0.6236690307610693,2022
2022-02-11,0,0,0.28525504251533695,2022
2022-02-14,0,0,0.40993162700081953,2022
2022-02-15,1,1,0.5019570389686318,2022
2022-02-16,1,0,0.6511512795866758,2022
2022-02-17,1,0,0.6521438895938076,2022
2022-02-18,0,0,0.47202115484155827,2022
2022-02-21,0,0,0.4128790331157579,2022
2022-02-22,0,0,0.3971644789884238,2022
2022-02-23,0,0,0.41697873380366524,2022
2022-02-24,0,0,0.3329191686505407,2022
2022-02-25,1,1,0.5903509678340996,2022
2022-02-28,1,1,0.6775672467044241,2022
2022-03-02,1,0,0.532435454392653,2022
2022-03-03,1,0,0.646808671355538,2022
2022-03-04,0,0,0.47590251934552313,2022
2022-03-07,0,0,0.4490821480441828,2022
2022-03-08,0,1,0.4157310185821229,2022
2022-03-09,0,1,0.4185134808869446,2022
2022-03-10,1,1,0.5984945410025696,2022
2022-03-11,0,1,0.3602668427449494,2022
2022-03-14,0,1,0.37996194481255885,2022
2022-03-15,0,0,0.35218088625901844,2022
2022-03-16,1,1,0.6890027876659627,2022
2022-03-17,1,1,0.7076042641425743,2022
2022-03-21,1,0,0.7154080561632322,2022
2022-03-22,0,1,0.39346918840815964,2022
2022-03-23,1,0,0.5765294352126521,2022
2022-03-24,0,0,0.4828679800229847,2022
2022-03-25,1,0,0.651445956331461,2022
2022-03-28,1,1,0.5948389079814568,2022
2022-03-29,1,1,0.6268851156074736,2022
2022-03-30,1,1,0.6936292596630276,2022
2022-03-31,1,0,0.5429805143449559,2022
2022-04-01,0,1,0.43564172855775674,2022
2022-04-04,0,1,0.46012339798308793,2022
2022-04-05,1,0,0.6231773522226254,2022
2022-04-06,0,0,0.29096033331226256,2022
2022-04-07,0,0,0.294988923963387,2022
2022-04-08,1,1,0.5657279187007156,2022
2022-04-11,0,0,0.3911122808454662,2022
2022-04-12,0,0,0.2615302645006176,2022
2022-04-13,0,0,0.4905354128809683,2022
2022-04-18,1,0,0.7094203084244824,2022
2022-04-19,1,0,0.503956486309319,2022
2022-04-20,1,1,0.5965459142126572,2022
2022-04-21,1,1,0.574541931383061,2022
2022-04-22,0,0,0.26189870842895613,2022
2022-04-25,0,0,0.3321408611922196,2022
2022-04-26,1,1,0.6129386726229168,2022
2022-04-27,0,0,0.377646588711093,2022
2022-04-28,1,1,0.5159740484888434,2022
2022-04-29,1,0,0.672215587199646,2022
2022-05-02,0,0,0.4622868925932179,2022
2022-05-04,1,0,0.5386192946550382,2022
2022-05-05,1,1,0.7128860728600247,2022
2022-05-06,0,0,0.2913244309051173,2022
2022-05-09,0,0,0.3878962320119019,2022
2022-05-10,0,0,0.40705799902850176,2022
2022-05-11,1,0,0.6451299153898017,2022
2022-05-12,0,0,0.4317213679585331,2022
2022-05-13,0,0,0.48513575530358577,2022
2022-05-16,1,1,0.6074210527187895,2022
2022-05-17,1,1,0.5053788693172562,2022
2022-05-18,1,0,0.6341138125349245,2022
2022-05-19,0,0,0.3714608273850512,2022
2022-05-20,1,1,0.5339283511895146,2022
2022-05-23,1,0,0.5078476326924679,2022
2022-05-24,1,0,0.6327266232970984,2022
2022-05-25,0,0,0.450125587595517,2022
2022-05-26,1,1,0.6425348678771088,2022
2022-05-27,1,1,0.7089684652448615,2022
2022-05-30,1,1,0.7090102630251183,2022
2022-05-31,1,0,0.6859411012991451,2022
2022-06-01,0,0,0.2617383022457399,2022
2022-06-02,0,1,0.2775984870729909,2022
2022-06-03,1,0,0.6936846567636108,2022
2022-06-06,0,0,0.3433661159413446,2022
2022-06-07,0,0,0.477951409252441,2022
2022-06-08,1,0,0.6505102739670279,2022
2022-06-09,0,1,0.3149789747846815,2022
2022-06-10,0,0,0.2876183277677611,2022
2022-06-13,0,0,0.3305801699864285,2022
2022-06-14,0,0,0.2789904972440336,2022
2022-06-15,0,0,0.29604012757420045,2022
2022-06-16,1,0,0.7012473829355117,2022
2022-06-17,0,0,0.49240284334274137,2022
2022-06-20,1,1,0.5347804276551871,2022
2022-06-21,1,1,0.5621165723154021,2022
2022-06-22,1,0,0.6000595703631291,2022
2022-06-23,1,1,0.571119168744258,2022
2022-06-24,1,1,0.6296362167619372,2022
2022-06-27,1,1,0.6055646784419113,2022
2022-06-28,0,1,0.39624642434188884,2022
2022-06-29,0,0,0.4073815786305194,2022
2022-06-30,1,0,0.5064769035469537,2022
2022-07-01,0,0,0.43797358191153946,2022
2022-07-04,1,1,0.6139999682857465,2022
2022-07-05,1,0,0.6203024669367643,2022
2022-07-06,1,1,0.502679263217379,2022
2022-07-07,0,1,0.4420388491578647,2022
2022-07-08,1,1,0.6184634239767288,2022
2022-07-11,0,0,0.4688639423333434,2022
2022-07-12,0,0,0.3221161836833364,2022
2022-07-13,0,0,0.3853786987003023,2022
2022-07-14,0,0,0.49706238460693314,2022
2022-07-15,0,1,0.335042956984095,2022
2022-07-18,1,1,0.6918329816065295,2022
2022-07-19,0,1,0.3830365525055466,2022
2022-07-20,1,1,0.6702533424285422,2022
2022-07-21,1,1,0.5978174340073652,2022
2022-07-22,1,1,0.6504271502567646,2022
2022-07-25,0,0,0.40938041653327906,2022
2022-07-26,1,0,0.6099557547168821,2022
2022-07-27,0,1,0.31212530112937387,2022
2022-07-28,1,1,0.711496295991672,2022
2022-07-29,1,1,0.6232082577609547,2022
2022-08-01,1,1,0.6916944718572137,2022
2022-08-02,1,1,0.5357945534969969,2022
2022-08-03,0,1,0.29807485870997313,2022
2022-08-04,1,0,0.6896307804945425,2022
2022-08-05,1,1,0.6172188361491106,2022
2022-08-08,0,1,0.3139599985200494,2022
2022-08-10,1,1,0.5997363781306758,2022
2022-08-11,1,1,0.7049198475194335,2022
2022-08-12,0,1,0.4053630062849154,2022
2022-08-16,1,1,0.6092111555371368,2022
2022-08-17,1,1,0.6074481603420989,2022
2022-08-18,0,1,0.31485395751529865,2022
2022-08-19,1,0,0.5568977390589724,2022
2022-08-22,0,0,0.29161617797312467,2022
2022-08-23,0,1,0.26370955807353674,2022
2022-08-24,1,1,0.5455054023600464,2022
2022-08-25,1,0,0.5148165507910977,2022
2022-08-26,1,1,0.6711618339214757,2022
2022-08-29,0,0,0.2919385460845578,2022
2022-08-30,0,1,0.35092585072787336,2022
2022-09-01,0,0,0.32648317518066505,2022
2022-09-02,0,0,0.49482231209076566,2022
2022-09-05,0,1,0.40499340778752285,2022
2022-09-06,0,0,0.4282075227843222,2022
2022-09-07,0,0,0.3280236522241439,2022
2022-09-08,1,1,0.6991281049310785,2022
2022-09-09,1,1,0.6642720594773108,2022
2022-09-12,1,1,0.6604579734270879,2022
2022-09-13,1,1,0.6447682004239402,2022
2022-09-14,0,0,0.2662260385931792,2022
2022-09-15,1,0,0.6783935777835768,2022
2022-09-16,0,0,0.26974906097323553,2022
2022-09-19,0,1,0.4150958916010922,2022
2022-09-20,1,1,0.6509248359185265,2022
2022-09-21,0,0,0.2470373378084551,2022
2022-09-22,0,0,0.37736041090307415,2022
2022-09-23,0,0,0.3178195769301405,2022
2022-09-26,0,0,0.37922506390807503,2022
2022-09-27,0,0,0.2863849526648026,2022
2022-09-28,0,0,0.4871529605486301,2022
2022-09-29,1,0,0.6742098299623349,2022
2022-09-30,0,1,0.37918360808091917,2022
2022-10-03,0,0,0.31096632749918607,2022
2022-10-04,1,1,0.642437056383884,2022
2022-10-06,1,1,0.6972177544920529,2022
2022-10-07,0,0,0.2993743096552476,2022
2022-10-10,0,0,0.299344857381821,2022
2022-10-11,0,0,0.3482785410006739,2022
2022-10-12,0,1,0.3727032809956831,2022
2022-10-13,0,0,0.42429444703131675,2022
2022-10-14,1,1,0.6850042211471677,2022
2022-10-17,0,1,0.23416836102308947,2022
2022-10-18,1,1,0.6772461271251936,2022
2022-10-19,1,1,0.6322807210392161,2022
2022-10-20,0,1,0.3266368045400329,2022
2022-10-21,0,1,0.2950599418203581,2022
2022-10-24,1,1,0.6752849649996591,2022
2022-10-25,1,0,0.6707887060857112,2022
2022-10-27,1,1,0.6965198770129924,2022
2022-10-28,0,1,0.38636217864689265,2022
2022-10-31,1,1,0.5669319500286867,2022
2022-11-01,0,1,0.2941869851108821,2022
2022-11-02,1,0,0.521906013652834,2022
2022-11-03,0,0,0.36732114873148847,2022
2022-11-04,0,1,0.28450715432044105,2022
2022-11-07,1,1,0.6509924960836894,2022
2022-11-09,1,0,0.630505946138899,2022
2022-11-10,0,0,0.3192120856384743,2022
2022-11-11,1,1,0.6733848173591224,2022
2022-11-14,1,0,0.6350548134167453,2022
2022-11-15,0,1,0.2923197057839255,2022
2022-11-16,1,1,0.657347547134955,2022
2022-11-17,0,0,0.3217945531697577,2022
2022-11-18,0,0,0.3835536808757003,2022
2022-11-21,1,0,0.5271794723170826,2022
2022-11-22,0,1,0.38305767776774746,2022
2022-11-23,1,1,0.7246202361507496,2022
2022-11-24,1,1,0.686581121689242,2022
2022-11-25,1,1,0.7104767961881628,2022
2022-11-28,1,1,0.5333053198691358,2022
2022-11-29,0,1,0.3049466661746779,2022
2022-11-30,0,1,0.44966082679556285,2022
2022-12-01,1,1,0.7178567809407543,2022
2022-12-02,1,0,0.5661217799988022,2022
2022-12-05,1,1,0.5358762388884608,2022
2022-12-06,0,0,0.3229899972031084,2022
2022-12-07,0,0,0.34240253233311285,2022
2022-12-08,1,1,0.6399819550697368,2022
2022-12-09,1,0,0.6132480445380177,2022
2022-12-12,0,1,0.35551573610449144,2022
2022-12-13,1,1,0.6231964096729142,2022
2022-12-14,1,1,0.6599863570192882,2022
2022-12-15,0,0,0.43421558332366494,2022
2022-12-16,0,0,0.31929489722165605,2022
2022-12-19,0,1,0.37595524555912435,2022
2022-12-20,0,0,0.3167942200996552,2022
2022-12-21,1,0,0.506325863130119,2022
2022-12-22,1,0,0.6588999739862597,2022
2022-12-23,0,0,0.3241664504278272,2022
2022-12-26,1,1,0.5481938761305861,2022
2022-12-27,1,1,0.5909491917907033,2022
2022-12-28,0,0,0.43570126528590136,2022
2022-12-29,0,1,0.2907603844102261,2022
2022-12-30,1,0,0.7380607293465166,2022
2023-01-02,0,1,0.4888537952233814,2023
2023-01-03,1,1,0.5266291938330676,2023
2023-01-04,0,0,0.4428747648164769,2023
2023-01-05,1,0,0.6722502352903765,2023
2023-01-06,0,0,0.3382581980869709,2023
2023-01-09,1,1,0.6694297860607702,2023
2023-01-10,1,0,0.5742836646442556,2023
2023-01-11,1,0,0.5804706078317815,2023
2023-01-12,1,0,0.6238376213739097,2023
2023-01-13,1,1,0.6203435030880017,2023
2023-01-16,1,0,0.559134390938161,2023
2023-01-17,1,1,0.5451308330405091,2023
2023-01-18,0,1,0.48364236240728603,2023
2023-01-19,0,0,0.3356167924707366,2023
2023-01-20,0,0,0.45535349160890404,2023
2023-01-23,1,1,0.6033683505321474,2023
2023-01-24,1,0,0.6252839386675836,2023
2023-01-25,1,0,0.6154228589094738,2023
2023-01-27,1,0,0.6015439102080213,2023
2023-01-30,1,1,0.546342467139652,2023
2023-01-31,0,1,0.29668008706766197,2023
2023-02-01,1,0,0.6622185880427232,2023
2023-02-02,1,0,0.6865355107569645,2023
2023-02-03,1,1,0.6343882340244792,2023
2023-02-06,0,0,0.29287055663252487,2023
2023-02-07,0,0,0.36400336371543174,2023
2023-02-08,1,1,0.6579502539742401,2023
2023-02-09,0,1,0.3577259721711558,2023
2023-02-10,0,0,0.3220439293131384,2023
2023-02-13,1,0,0.5735478420763578,2023
2023-02-14,1,1,0.6451300754377339,2023
2023-02-15,0,1,0.49626165963043506,2023
2023-02-16,0,1,0.4877112835811782,2023
2023-02-17,0,0,0.3391260038426329,2023
2023-02-20,0,0,0.45547978605789274,2023
2023-02-21,0,0,0.4431459669377151,2023
2023-02-22,0,0,0.2524395336470265,2023
2023-02-23,1,0,0.5185537949547713,2023
2023-02-24,1,0,0.6234638971640759,2023
2023-02-27,0,0,0.2996841601596628,2023
2023-02-28,1,0,0.6789380118804145,2023
2023-03-01,1,1,0.5526210768812974,2023
2023-03-02,0,0,0.4345534755857311,2023
2023-03-03,1,1,0.5332384405883825,2023
2023-03-06,1,1,0.7100191966281806,2023
2023-03-08,1,1,0.5373474444324657,2023
2023-03-09,1,0,0.5613872716369331,2023
2023-03-10,0,0,0.4784544319100734,2023
2023-03-13,0,0,0.4456113280992421,2023
2023-03-14,1,0,0.5925824224607011,2023
2023-03-15,1,0,0.5619555699587476,2023
2023-03-16,0,1,0.3962110097551935,2023
2023-03-17,1,1,0.612395306963711,2023
2023-03-20,0,0,0.4445594910848501,2023
2023-03-21,1,1,0.6263043237447882,2023
2023-03-22,1,1,0.5468045023642732,2023
2023-03-23,0,0,0.4525154501511928,2023
2023-03-24,1,0,0.5908954632507619,2023
2023-03-27,1,1,0.6108354996673127,2023
2023-03-28,1,0,0.5076920363723971,2023
2023-03-29,1,1,0.56283045100224,2023
2023-03-31,1,1,0.6185411698963955,2023
2023-04-03,1,1,0.6256071259152269,2023
2023-04-05,1,1,0.6419659756019597,2023
2023-04-06,0,1,0.4128811588011526,2023
2023-04-10,1,1,0.605237161252749,2023
2023-04-11,0,1,0.3936943461890723,2023
2023-04-12,1,1,0.6217828921273699,2023
2023-04-13,1,1,0.5356568998268478,2023
2023-04-17,1,0,0.6596282075061023,2023
2023-04-18,0,0,0.49553944416981244,2023
2023-04-19,1,0,0.639223174577113,2023
2023-04-20,0,1,0.48183509756450754,2023
2023-04-21,0,0,0.4426966672694767,2023
2023-04-24,1,1,0.515687090471396,2023
2023-04-25,1,1,0.607173172676512,2023
2023-04-26,0,1,0.32505626409944893,2023
2023-04-27,0,1,0.47212945927183275,2023
2023-04-28,1,1,0.6141042386057916,2023
2023-05-02,1,1,0.5874233729019138,2023
2023-05-03,0,0,0.3720663138321963,2023
2023-05-04,0,1,0.435191402957536,2023
2023-05-05,0,0,0.3975257936345528,2023
2023-05-08,1,1,0.6611353595368284,2023
2023-05-09,0,1,0.47840794106377005,2023
2023-05-10,0,1,0.4661176575961125,2023
2023-05-11,1,0,0.6301392272841331,2023
2023-05-12,0,1,0.44779910148212215,2023
2023-05-15,0,1,0.3988586913298541,2023
2023-05-16,1,0,0.6524998657886363,2023
2023-05-17,0,0,0.3530898731863996,2023
2023-05-18,1,0,0.6184369680449546,2023
2023-05-19,1,1,0.5463442558890579,2023
2023-05-22,1,1,0.5887760145560572,2023
2023-05-23,1,1,0.5386831971156291,2023
2023-05-24,0,0,0.3510468936023514,2023
2023-05-25,0,1,0.38060362996560954,2023
2023-05-26,1,1,0.5956227488001796,2023
2023-05-29,1,1,0.5951256052589998,2023
2023-05-30,1,1,0.6492820247596525,2023
2023-05-31,1,0,0.5648905350215445,2023
2023-06-01,0,0,0.3877621561374523,2023
2023-06-02,1,1,0.6831625900844885,2023
2023-06-05,1,1,0.6479180494942344,2023
2023-06-06,1,1,0.5303999801315858,2023
2023-06-07,1,1,0.521876791441491,2023
2023-06-08,0,0,0.3771266096225844,2023
2023-06-09,1,0,0.6451741712320085,2023
2023-06-12,1,1,0.5286075171470016,2023
2023-06-13,1,1,0.5945420340851798,2023
2023-06-14,1,1,0.6450615379668116,2023
2023-06-15,1,0,0.602454882201015,2023
2023-06-16,1,1,0.6473271833526099,2023
2023-06-19,0,0,0.497073855135402,2023
2023-06-20,0,1,0.48165978229162226,2023
2023-06-21,0,1,0.416239551939298,2023
2023-06-22,0,0,0.493946626519647,2023
2023-06-23,1,0,0.5275482194655083,2023
2023-06-26,0,1,0.3354378005992211,2023
2023-06-27,0,1,0.47056972629998917,2023
2023-06-28,1,1,0.6060662645264984,2023
2023-06-30,1,1,0.5143272321881533,2023
2023-07-03,1,1,0.6591612953291488,2023
2023-07-04,1,1,0.5028718380749108,2023
2023-07-05,1,1,0.537901451233187,2023
2023-07-06,0,1,0.44230013823477693,2023
2023-07-07,0,0,0.30212537473989964,2023
2023-07-10,1,1,0.5943097406810821,2023
2023-07-11,1,1,0.6384575737260711,2023
2023-07-12,1,0,0.7087352704569638,2023
2023-07-13,1,1,0.6320513039310452,2023
2023-07-14,1,1,0.6958435868696802,2023
2023-07-17,0,1,0.47044833301984196,2023
2023-07-18,1,1,0.5897375937500383,2023
2023-07-19,1,1,0.6197849444624218,2023
2023-07-20,1,1,0.5421195582136172,2023
2023-07-21,0,0,0.3182772201818384,2023
2023-07-24,1,0,0.5761873976419208,2023
2023-07-25,1,1,0.6174821724616255,2023
2023-07-26,1,1,0.5943561457571046,2023
2023-07-27,1,0,0.6318880114321725,2023
2023-07-28,0,0,0.37731267151598885,2023
2023-07-31,1,1,0.6551092366261151,2023
2023-08-01,1,0,0.6192227838340544,2023
2023-08-02,0,0,0.3879820728770618,2023
2023-08-03,0,0,0.3602938425750644,2023
2023-08-04,0,1,0.4306029933225555,2023
2023-08-07,1,1,0.5061698686566767,2023
2023-08-08,1,0,0.6730723189903698,2023
2023-08-09,0,1,0.4551748392298937,2023
2023-08-10,0,0,0.4367166775465009,2023
2023-08-11,0,0,0.4700147623120124,2023
2023-08-14,0,1,0.41080616189694646,2023
2023-08-16,1,1,0.5648719021115961,2023
2023-08-17,0,0,0.3504102315590936,2023
2023-08-18,0,0,0.32773609136853865,2023
2023-08-21,1,1,0.5506702222218073,2023
2023-08-22,1,1,0.5546255505223516,2023
2023-08-23,0,1,0.4869987118092538,2023
2023-08-24,1,0,0.6217923976271141,2023
2023-08-25,0,0,0.33693013909724795,2023
2023-08-28,1,1,0.5938154270863858,2023
2023-08-29,1,1,0.6114740884077358,2023
2023-08-30,1,1,0.6754189677151775,2023
2023-08-31,1,0,0.6651127338210883,2023
2023-09-01,1,1,0.5511048910105223,2023
2023-09-04,1,1,0.5292169927530442,2023
2023-09-05,1,1,0.551366201383209,2023
2023-09-06,0,1,0.42211402200730475,2023
2023-09-07,0,1,0.3845213155963863,2023
2023-09-08,1,1,0.512584680045597,2023
2023-09-11,1,1,0.5870270636734695,2023
2023-09-12,1,0,0.6651874222290246,2023
2023-09-13,0,1,0.4605644343092439,2023
2023-09-14,1,1,0.5369575267245434,2023
2023-09-15,1,1,0.6297411046132677,2023
2023-09-18,0,0,0.37080878512085724,2023
2023-09-20,1,0,0.5702903036925527,2023
2023-09-21,0,0,0.3792434048503086,2023
2023-09-22,0,0,0.2687598686715169,2023
2023-09-25,1,1,0.5368469216017104,2023
2023-09-26,0,0,0.4863165086341537,2023
2023-09-27,0,1,0.32301634993260103,2023
2023-09-28,1,0,0.5064637900315312,2023
2023-09-29,1,1,0.6716613948673704,2023
2023-10-03,0,0,0.4815685565962054,2023
2023-10-04,0,0,0.28450132427116986,2023
2023-10-05,1,1,0.6557797712476524,2023
2023-10-06,1,1,0.6028197824202679,2023
2023-10-09,1,0,0.6249048165604572,2023
2023-10-10,1,1,0.646181598602962,2023
2023-10-11,1,1,0.607117175298332,2023
2023-10-12,1,0,0.6211022356734609,2023
2023-10-13,0,0,0.31055589059036487,2023
2023-10-16,0,0,0.4868104776263258,2023
2023-10-17,1,1,0.5937233747227262,2023
2023-10-18,0,0,0.4460140659238846,2023
2023-10-19,0,0,0.4005748851783694,2023
2023-10-20,0,0,0.35276582290719055,2023
2023-10-23,0,0,0.34636920175729047,2023
2023-10-25,1,0,0.5752515740068902,2023
2023-10-26,0,0,0.3160814281979501,2023
2023-10-27,0,1,0.3528359978534716,2023
2023-10-30,0,1,0.49603494722752406,2023
2023-10-31,1,0,0.6411480918167903,2023
2023-11-01,1,0,0.638858870650178,2023
2023-11-02,1,1,0.60241030716541,2023
2023-11-03,1,1,0.7280453726180636,2023
2023-11-06,1,1,0.6106632060369264,2023
2023-11-07,1,0,0.5006052371868108,2023
2023-11-08,1,1,0.5710877602699804,2023
2023-11-09,1,0,0.5570246231219842,2023
2023-11-10,0,1,0.3060929620921286,2023
2023-11-13,1,1,0.6777345625112939,2023
2023-11-15,1,1,0.5976790455186667,2023
2023-11-16,0,1,0.47145309294871396,2023
2023-11-17,1,0,0.58327773889307,2023
2023-11-20,1,0,0.6231931448357562,2023
2023-11-21,1,1,0.7281217627373107,2023
2023-11-22,1,1,0.5231986965227473,2023
2023-11-23,1,0,0.5432946060280779,2023
2023-11-24,1,0,0.5420294137022009,2023
2023-11-28,1,1,0.5246729929879578,2023
2023-11-29,1,1,0.6302669881882406,2023
2023-11-30,1,1,0.5375810049755304,2023
2023-12-01,0,1,0.49964867232794963,2023
2023-12-04,1,1,0.6238992022462798,2023
2023-12-05,0,1,0.35861453858282494,2023
2023-12-06,1,1,0.5213941387644825,2023
2023-12-07,0,0,0.46431265214964546,2023
2023-12-08,1,1,0.6679528242156912,2023
2023-12-11,1,1,0.5074411235682844,2023
2023-12-12,1,0,0.5272406929431943,2023
2023-12-13,1,1,0.670216931566141,2023
2023-12-14,1,1,0.7127479198858935,2023
2023-12-15,1,1,0.6059016651740181,2023
2023-12-18,0,0,0.47702461032910953,2023
2023-12-19,1,1,0.6743446526496085,2023
2023-12-20,1,0,0.7061966374528766,2023
2023-12-21,0,1,0.3273165609270332,2023
2023-12-22,1,1,0.6650461216976216,2023
2023-12-26,1,1,0.6024752128963248,2023
2023-12-27,1,1,0.6440268746107491,2023
2023-12-28,1,1,0.6141227697239582,2023
2023-12-29,0,0,0.4314136010118412,2023
2024-01-01,0,1,0.4154353947508448,2024
2024-01-02,0,0,0.4820273357220764,2024
2024-01-03,0,0,0.3570813231861194,2024
2024-01-04,0,1,0.3495440483671316,2024
2024-01-05,0,1,0.40005610812932363,2024
2024-01-08,1,0,0.6180527713068316,2024
2024-01-09,1,1,0.6759480905618291,2024
2024-01-10,1,1,0.5518212588364496,2024
2024-01-11,1,1,0.6234862703305303,2024
2024-01-12,1,1,0.5322418407784287,2024
2024-01-15,1,1,0.5484725660391715,2024
2024-01-16,1,0,0.5649047030351945,2024
2024-01-17,0,0,0.3395027768884157,2024
2024-01-18,0,0,0.39399022051791305,2024
2024-01-19,1,1,0.6222680881052165,2024
2024-01-23,1,0,0.6269558674567268,2024
2024-01-24,1,1,0.5179099139102563,2024
2024-01-25,1,0,0.5818907144135292,2024
2024-01-29,1,1,0.6479260128105951,2024
2024-01-30,1,0,0.5792396852383388,2024
2024-01-31,1,1,0.5928147290427912,2024
2024-02-01,0,0,0.38438816128687686,2024
2024-02-02,1,1,0.64773717674938,2024
2024-02-05,1,0,0.5204420861538366,2024
2024-02-06,0,1,0.338263792940937,2024
2024-02-07,1,1,0.6139184845492811,2024
2024-02-08,1,0,0.6471493599666658,2024
2024-02-09,0,1,0.4735905682845671,2024
2024-02-12,1,0,0.6349692916045225,2024
2024-02-13,0,1,0.4749152008637455,2024
2024-02-14,0,1,0.2570280782299567,2024
2024-02-15,1,1,0.6325660612796726,2024
2024-02-16,1,1,0.6913122276843933,2024
2024-02-19,0,1,0.44944897448726,2024
2024-02-20,0,1,0.47871758447684537,2024
2024-02-21,0,0,0.41272619065903027,2024
2024-02-22,1,1,0.5119126369300315,2024
2024-02-23,1,0,0.6490014546769756,2024
2024-02-26,1,0,0.5456497620941976,2024
2024-02-27,0,1,0.4612872092723079,2024
2024-02-28,1,0,0.6212533355058311,2024
2024-02-29,1,1,0.5017932082456765,2024
2024-03-01,1,1,0.5982000000147709,2024
2024-03-04,1,1,0.6853324392561325,2024
2024-03-05,1,0,0.5102685196463114,2024
2024-03-06,0,1,0.3406257756798156,2024
2024-03-07,1,1,0.7025264416985899,2024
2024-03-11,1,0,0.6493413136189428,2024
2024-03-12,1,1,0.5041982802924216,2024
2024-03-13,1,0,0.5446881947499462,2024
2024-03-14,1,1,0.5776897514962323,2024
2024-03-15,0,0,0.42659458732059513,2024
2024-03-18,0,1,0.36400407160909604,2024
2024-03-19,1,0,0.6619570300593574,2024
2024-03-20,1,1,0.6242952185850681,2024
2024-03-21,1,1,0.6815428382678418,2024
2024-03-22,1,1,0.5453616380521324,2024
2024-03-26,1,0,0.5371323835531704,2024
2024-03-27,0,1,0.4855282792511532,2024
2024-03-28,1,1,0.6314965351392605,2024
2024-04-01,1,1,0.6085296863788234,2024
2024-04-02,0,0,0.4512787370122072,2024
2024-04-03,0,0,0.4199964507533835,2024
2024-04-04,1,1,0.5952752154259406,2024
2024-04-05,0,0,0.3767929565886999,2024
2024-04-08,1,1,0.5833596393742654,2024
2024-04-09,1,0,0.5246239709357519,2024
2024-04-10,1,1,0.5536675485138116,2024
2024-04-12,0,0,0.2716863774948918,2024
2024-04-15,0,0,0.3493563728021666,2024
2024-04-16,0,0,0.30097967862687797,2024
2024-04-18,1,0,0.5270709051316873,2024
2024-04-19,0,1,0.4609614955647271,2024
2024-04-22,0,1,0.3788189458925579,2024
2024-04-23,1,1,0.6479034633409472,2024
2024-04-24,1,1,0.6673561463950012,2024
2024-04-25,1,1,0.5287503439880544,2024
2024-04-26,0,0,0.4909135531995669,2024
2024-04-29,1,1,0.6470592567618205,2024
2024-04-30,1,0,0.6397708346823221,2024
2024-05-02,0,1,0.27912955921293026,2024
2024-05-03,1,0,0.6896668985873912,2024
2024-05-06,1,0,0.639159311263463,2024
2024-05-07,1,0,0.6172108187153914,2024
2024-05-08,1,0,0.5306324874672327,2024
2024-05-09,1,0,0.5128382312025359,2024
2024-05-10,1,1,0.6871503142714193,2024
2024-05-13,1,1,0.5371712995489057,2024
2024-05-14,1,1,0.5307773482194966,2024
2024-05-15,1,0,0.6774140916947928,2024
2024-05-16,1,1,0.6662609732654614,2024
2024-05-17,1,1,0.5022365297956891,2024
2024-05-21,1,1,0.5431774100219793,2024
2024-05-22,1,1,0.5700514725202069,2024
2024-05-23,0,1,0.4189020830917979,2024
2024-05-24,0,0,0.34814827445828045,2024
2024-05-27,1,0,0.679232841883158,2024
2024-05-28,1,0,0.6661208551844855,2024
2024-05-29,1,0,0.562456764925751,2024
2024-05-30,0,0,0.3252475992713347,2024
2024-05-31,0,1,0.4485350068392298,2024
2024-06-03,1,1,0.6766198917631046,2024
2024-06-04,1,0,0.6388089578517744,2024
2024-06-05,1,1,0.5847169475872911,2024
2024-06-06,1,1,0.6240705388846346,2024
2024-06-07,1,1,0.6255123446856578,2024
2024-06-10,0,0,0.3461155567328117,2024
2024-06-11,1,1,0.5795033949508127,2024
2024-06-12,1,1,0.5747642208299001,2024
2024-06-13,1,1,0.6639467076235461,2024
2024-06-14,1,1,0.5703957681390477,2024
2024-06-18,1,1,0.5335842074977473,2024
2024-06-19,1,0,0.6394144901566766,2024
2024-06-20,1,1,0.6309500592880696,2024
2024-06-21,1,0,0.5010191225051294,2024
2024-06-24,1,1,0.5010016444828649,2024
2024-06-25,1,1,0.5498188081729474,2024
2024-06-26,1,1,0.5778272595299153,2024
2024-06-27,0,1,0.4405084683102824,2024
2024-06-28,1,0,0.6170535863654228,2024
2024-07-01,0,1,0.4500461860349422,2024
2024-07-02,1,0,0.5514006262924271,2024
2024-07-03,1,1,0.6402618195584925,2024
2024-07-04,1,1,0.684314833644384,2024
2024-07-05,1,1,0.7006039919910214,2024
2024-07-08,1,0,0.6790484758234857,2024
2024-07-09,1,1,0.522635624164568,2024
2024-07-10,1,0,0.523935582843661,2024
2024-07-11,1,0,0.6041108628676971,2024
2024-07-12,0,1,0.41332007432570655,2024
2024-07-15,1,1,0.6213364261671043,2024
2024-07-16,1,1,0.548415953220238,2024
2024-07-18,1,1,0.6048266176333035,2024
2024-07-19,0,0,0.3447709595861101,2024
2024-07-22,0,0,0.36725936817506605,2024
2024-07-23,1,0,0.5776304023513656,2024
2024-07-24,1,0,0.5477844673134765,2024
2024-07-25,0,0,0.29927335000298144,2024
2024-07-26,0,1,0.4681571362179073,2024
2024-07-29,1,1,0.6142626977602819,2024
2024-07-30,1,1,0.5278962324857978,2024
2024-07-31,0,1,0.4878739259573775,2024
2024-08-01,1,1,0.7544951139465031,2024
2024-08-02,0,0,0.3714673175195905,2024
2024-08-05,0,0,0.43043343875104545,2024
2024-08-06,0,0,0.38962686713738526,2024
2024-08-07,1,1,0.5078930648589779,2024
2024-08-08,0,0,0.36686234435671167,2024
2024-08-09,1,1,0.672970099804962,2024
2024-08-12,1,0,0.5952885071274968,2024
2024-08-13,1,0,0.580862233194665,2024
2024-08-14,1,1,0.6940790638886398,2024
2024-08-16,1,1,0.5862658855288558,2024
2024-08-19,1,1,0.6584016638342085,2024
2024-08-20,1,1,0.6706413293363112,2024
2024-08-21,1,1,0.5921131579098136,2024
2024-08-22,1,1,0.6668864099543274,2024
2024-08-23,0,1,0.3286273741478711,2024
2024-08-26,1,1,0.7236335824334716,2024
2024-08-27,1,1,0.5359833046230013,2024
2024-08-28,1,1,0.5877833991430816,2024
2024-08-29,0,1,0.4043763835513928,2024
2024-08-30,1,1,0.5811641278792714,2024
2024-09-02,1,1,0.6184674030411028,2024
2024-09-03,1,1,0.620864493709908,2024
2024-09-04,0,0,0.3258797633086178,2024
2024-09-05,1,0,0.5627050910339543,2024
2024-09-06,1,0,0.554072208080359,2024
2024-09-09,0,1,0.32846154180262893,2024
2024-09-10,1,1,0.6379611083808702,2024
2024-09-11,1,0,0.606948470282415,2024
2024-09-12,1,1,0.638001078167971,2024
2024-09-13,1,0,0.72608306064915,2024
2024-09-16,1,1,0.6568811796011305,2024
2024-09-17,1,1,0.6507823066227743,2024
2024-09-18,1,0,0.5536398073189228,2024
2024-09-19,1,1,0.5199234553094216,2024
2024-09-20,1,1,0.6887080194540492,2024
2024-09-23,1,1,0.5584247202744134,2024
2024-09-24,1,1,0.6044417374652727,2024
2024-09-25,1,1,0.6580317864645447,2024
2024-09-26,0,1,0.49826713458732563,2024
2024-09-27,1,0,0.6155730284633375,2024
2024-09-30,1,0,0.5317524219594583,2024
2024-10-01,1,0,0.5390007080194077,2024
2024-10-03,0,0,0.3804414698945963,2024
2024-10-04,1,0,0.5064610076143421,2024
2024-10-07,0,0,0.4922108099206999,2024
2024-10-08,0,1,0.33609131879025206,2024
2024-10-09,1,0,0.6551012468261596,2024
2024-10-10,1,1,0.5935518000416863,2024
2024-10-11,1,0,0.554056509432458,2024
2024-10-14,1,1,0.6140095373230082,2024
2024-10-15,1,0,0.5858979236459745,2024
2024-10-16,0,0,0.33517685805564795,2024
2024-10-17,1,0,0.5768170384655051,2024
2024-10-18,1,1,0.5109995284448863,2024
2024-10-21,1,0,0.6177067763799624,2024
2024-10-22,0,0,0.4408326379843656,2024
2024-10-23,1,0,0.581990609779079,2024
2024-10-24,0,0,0.3118561674133127,2024
2024-10-25,1,0,0.6649703664617641,2024
2024-10-28,1,1,0.55862908190318,2024
2024-10-29,1,1,0.5585241146483306,2024
2024-10-30,1,0,0.5676730021966455,2024
2024-10-31,1,0,0.6000833074923972,2024
2024-11-01,0,1,0.3197299308194274,2024
2024-11-04,1,0,0.5288915347705406,2024
2024-11-05,1,1,0.5539653695222578,2024
2024-11-06,1,1,0.6485048002390248,2024
2024-11-07,0,0,0.45548978144589614,2024
2024-11-08,1,0,0.6758073076167886,2024
2024-11-11,1,0,0.5824385457369131,2024
2024-11-12,1,0,0.5183643670237947,2024
2024-11-13,0,0,0.3231467291565181,2024
2024-11-14,0,0,0.4555630301703177,2024
2024-11-18,0,0,0.43359463148114313,2024
2024-11-19,1,1,0.6417777086366897,2024
2024-11-21,1,0,0.6274417875922169,2024
2024-11-22,1,1,0.620304316742794,2024
2024-11-25,1,1,0.6113306411794516,2024
2024-11-26,1,0,0.6394662557158438,2024
2024-11-27,1,1,0.5960155816154863,2024
2024-11-28,1,0,0.5445249714930273,2024
2024-11-29,1,1,0.5364542092148827,2024
2024-12-02,1,1,0.6366289449477249,2024
2024-12-03,0,1,0.4978440459602036,2024
2024-12-04,1,1,0.5869426537287412,2024
2024-12-05,1,1,0.6145780416036032,2024
2024-12-06,1,0,0.5238223911969238,2024
2024-12-09,1,0,0.5852198654858578,2024
2024-12-10,0,0,0.45800557172476536,2024
2024-12-11,1,1,0.5512638575264475,2024
2024-12-12,1,0,0.6294960826427416,2024
2024-12-13,0,1,0.41754416132767963,2024
2024-12-16,0,0,0.4685965927616477,2024
2024-12-17,1,0,0.583309446977771,2024
2024-12-18,1,0,0.5045624015300472,2024
2024-12-19,0,0,0.24151236549469274,2024
2024-12-20,0,0,0.39599608202231196,2024
2024-12-23,1,1,0.6759438338487813,2024
2024-12-24,1,0,0.6072390395209207,2024
2024-12-26,1,1,0.6494756478440739,2024
2024-12-27,1,1,0.575497739764406,2024
2024-12-30,0,0,0.33170577577674865,2024
2024-12-31,0,0,0.3240066870826982,2024
2025-01-01,0,1,0.4975006767523855,2025
2025-01-02,1,1,0.5167650373088725,2025
2025-01-03,1,0,0.5219123592150458,2025
2025-01-06,1,0,0.6687251623333627,2025
2025-01-07,1,1,0.6442032092245157,2025
2025-01-08,0,0,0.3439613874575681,2025
2025-01-09,1,0,0.5220756842392329,2025
2025-01-10,1,0,0.5563767351658021,2025
2025-01-13,0,0,0.34323539160728833,2025
2025-01-14,1,1,0.540511175958453,2025
2025-01-15,1,1,0.6191987156832875,2025
2025-01-16,1,1,0.7119579604435045,2025
2025-01-17,1,0,0.529913934570764,2025
2025-01-20,1,1,0.5908656354112567,2025
2025-01-21,1,0,0.5996626557231596,2025
2025-01-22,1,1,0.6795220883294323,2025
2025-01-23,1,1,0.5837148154264784,2025
2025-01-24,1,0,0.5812570652523126,2025
2025-01-27,1,0,0.5578690435286063,2025
2025-01-28,0,1,0.32487942073257814,2025
2025-01-29,1,1,0.5877783792272021,2025
2025-01-30,0,1,0.48915867813825437,2025
2025-01-31,1,1,0.6577556744507841,2025
2025-02-01,0,0,0.40074366730513794,2025
2025-02-03,0,0,0.3701354291901382,2025
2025-02-04,0,1,0.3692538602114347,2025
2025-02-05,1,0,0.6970487058762168,2025
2025-02-06,1,0,0.6299787639490058,2025
2025-02-07,1,0,0.5515467338058008,2025
2025-02-10,0,0,0.3065748575867025,2025
2025-02-11,1,0,0.6595384471883947,2025
2025-02-12,1,0,0.5813960638068465,2025
2025-02-13,0,0,0.39813752563536015,2025
2025-02-14,1,0,0.6400719352291206,2025
2025-02-17,1,1,0.5526554998692847,2025
2025-02-18,1,0,0.5664495139835978,2025
2025-02-19,1,0,0.5513020062192937,2025
2025-02-20,1,0,0.5348962417862194,2025
2025-02-21,1,0,0.568884435177628,2025
2025-02-24,0,0,0.34670631005685865,2025
2025-02-25,1,0,0.5118781310893437,2025
2025-02-27,0,0,0.485002134084101,2025
2025-02-28,0,0,0.3480051353785377,2025
2025-03-03,1,0,0.6437284163310614,2025
2025-03-04,0,0,0.4234791914471727,2025
2025-03-05,0,1,0.37595623161588954,2025
2025-03-06,1,1,0.6022825513218808,2025
2025-03-07,0,1,0.3690578897118782,2025
2025-03-10,1,0,0.6387452369169556,2025
2025-03-11,0,1,0.33345159397933044,2025
2025-03-12,0,0,0.3864408245588733,2025
2025-03-13,1,0,0.6398901240859911,2025
2025-03-17,0,1,0.35747587444026185,2025
2025-03-18,1,1,0.6252744624086116,2025
2025-03-19,0,1,0.35717045717694323,2025
2025-03-20,1,1,0.6469244033093914,2025
2025-03-21,1,1,0.575596337442288,2025
2025-03-24,1,1,0.5019235179284895,2025
2025-03-25,1,1,0.6559908393296048,2025
2025-03-26,1,0,0.5897644606215651,2025
2025-03-27,0,1,0.31502529850255295,2025
2025-03-28,1,0,0.5810228874921768,2025
2025-04-01,0,0,0.382390346318476,2025
2025-04-02,1,1,0.5784311258841288,2025
2025-04-03,1,0,0.6241973226606443,2025
2025-04-04,0,0,0.39563228260642136,2025
2025-04-07,0,0,0.3056005795751682,2025
2025-04-08,0,1,0.3530780794747878,2025
2025-04-09,0,0,0.3693489049166398,2025
2025-04-11,1,1,0.6069960765342944,2025
2025-04-15,1,1,0.6737303615924461,2025
2025-04-16,0,1,0.49427312616728336,2025
2025-04-17,0,1,0.4586784684638943,2025
2025-04-21,1,1,0.5069705972185601,2025
2025-04-22,0,1,0.38290929455087586,2025
2025-04-23,1,1,0.677820354396094,2025
2025-04-24,1,0,0.570340272171733,2025
2025-04-25,1,0,0.7029441456347594,2025
2025-04-28,1,1,0.6526977461176923,2025
2025-04-29,1,1,0.6039703709545262,2025
2025-04-30,1,0,0.6773550779163999,2025
2025-05-02,1,1,0.5254769583259337,2025
2025-05-05,1,1,0.6012189206019222,2025
2025-05-06,0,0,0.4169170634955742,2025
2025-05-07,0,1,0.4912893823309847,2025
2025-05-08,1,0,0.5798172136142805,2025
2025-05-09,1,0,0.5034902240353862,2025
2025-05-12,1,1,0.6581212138952754,2025
2025-05-13,1,0,0.5589103989981449,2025
2025-05-14,1,1,0.6482667911958829,2025
2025-05-15,1,1,0.5045911137050814,2025
2025-05-16,1,0,0.6186680892148966,2025
2025-05-19,1,0,0.5961519307616099,2025
2025-05-20,1,0,0.5713711446387318,2025
2025-05-21,1,1,0.5481073775826149,2025
2025-05-22,0,0,0.3696911009495494,2025
2025-05-23,0,1,0.4776179483504497,2025
2025-05-26,0,1,0.49673793356595375,2025
2025-05-27,0,0,0.45508254442390095,2025
2025-05-28,1,0,0.6156769826550031,2025
2025-05-29,0,1,0.46408159148962036,2025
2025-05-30,1,0,0.5995401891598822,2025
2025-06-02,0,0,0.49513026345632566,2025
2025-06-03,1,0,0.6654657662313768,2025
2025-06-04,1,1,0.6070295013441129,2025
2025-06-05,1,1,0.6142652100801107,2025
2025-06-06,0,1,0.4742775470310562,2025
2025-06-09,1,1,0.5120372566159815,2025
2025-06-10,1,1,0.5878613842782382,2025
2025-06-11,1,1,0.5720961360333471,2025
2025-06-12,1,0,0.5792072680512125,2025
2025-06-13,1,0,0.6183336172285417,2025
2025-06-16,0,1,0.3780400334526732,2025
2025-06-17,1,0,0.5989516856878659,2025
2025-06-18,0,0,0.35027065135742885,2025
2025-06-19,1,0,0.5691889198513459,2025
2025-06-20,1,1,0.556783187722179,2025
2025-06-23,1,0,0.518598834643421,2025
2025-06-24,1,1,0.6257057265402798,2025
2025-06-25,1,1,0.659301850830197,2025
2025-06-26,1,1,0.5633903140571124,2025
2025-06-27,1,1,0.6661028963616771,2025
2025-06-30,1,0,0.6127518341813768,2025
2025-07-01,1,1,0.6486594252692238,2025
2025-07-02,1,0,0.5842212099522034,2025
2025-07-03,1,0,0.6289204197107008,2025
2025-07-04,1,1,0.5395782997566194,2025
2025-07-07,1,1,0.6133788348820093,2025
2025-07-08,0,1,0.4065872742223502,2025
2025-07-09,1,0,0.5107274944874404,2025
2025-07-10,1,0,0.6313243711060205,2025
2025-07-11,1,0,0.576032591062607,2025
2025-07-14,0,0,0.494700034868379,2025
2025-07-15,1,1,0.5461908613699855,2025
2025-07-16,0,1,0.4306728883256043,2025
2025-07-17,1,0,0.6001632715293352,2025
2025-07-18,1,0,0.6402140761668856,2025
2025-07-21,1,1,0.5696858999222113,2025
2025-07-22,1,0,0.6026324029424022,2025
2025-07-23,1,1,0.5921580617670777,2025
2025-07-24,1,0,0.6040998467792698,2025
2025-07-25,1,0,0.5288067829087105,2025
2025-07-28,1,0,0.5508896657401668,2025
2025-07-29,0,1,0.47261536063201276,2025
2025-07-30,1,1,0.5123811720094456,2025
2025-07-31,0,0,0.47064074096589437,2025
2025-08-01,1,0,0.5044603656835641,2025
2025-08-04,0,1,0.43324768007825476,2025
2025-08-05,1,0,0.631066782171778,2025
2025-08-06,0,0,0.48382678370400944,2025
2025-08-07,1,1,0.67528742061638,2025
2025-08-08,1,0,0.5393511871422761,2025
2025-08-11,1,1,0.5996602829305373,2025
2025-08-12,0,0,0.4644314867101681,2025
2025-08-13,1,1,0.6309707451106572,2025
2025-08-14,1,1,0.6295609720021571,2025
2025-08-18,0,1,0.49541269068595634,2025
2025-08-19,1,1,0.5304877832733148,2025
2025-08-20,0,1,0.4115472995456452,2025
2025-08-21,1,1,0.5704739137714308,2025
2025-08-22,0,0,0.4945951630577494,2025
2025-08-25,1,1,0.6648232303706773,2025
2025-08-26,1,0,0.5430139649512734,2025
2025-08-28,1,0,0.5819949890034131,2025
2025-08-29,1,0,0.6222108499816383,2025
2025-09-01,0,1,0.3890110336067464,2025
2025-09-02,0,0,0.4170963809625807,2025
2025-09-03,0,1,0.4567085128291258,2025
2025-09-04,1,1,0.6097938137733829,2025
2025-09-05,1,1,0.6115901992255183,2025
2025-09-08,1,1,0.5096800845567916,2025
2025-09-09,1,1,0.6107524132024529,2025
2025-09-10,1,1,0.5999699463023027,2025
2025-09-11,1,1,0.654308268474808,2025
2025-09-12,1,1,0.6736436088692784,2025
2025-09-15,1,0,0.5367734855128125,2025
2025-09-16,1,1,0.6207857114948508,2025
2025-09-17,1,1,0.6495666981362908,2025
2025-09-18,1,1,0.5176524823679468,2025
2025-09-19,1,0,0.5359127605504339,2025
2025-09-22,1,0,0.5726656403180734,2025
2025-09-23,1,0,0.6372643911015613,2025
2025-09-24,1,0,0.5035624905626226,2025
2025-09-25,0,0,0.49598622473929344,2025
2025-09-26,0,0,0.45369084690692013,2025
2025-09-29,1,0,0.6747949089758041,2025
2025-09-30,1,0,0.6209678236687612,2025
2025-10-01,1,1,0.525858357255561,2025
2025-10-03,1,1,0.5795225394290839,2025
2025-10-06,1,1,0.535474564871077,2025
2025-10-07,1,1,0.5755517083469278,2025
2025-10-08,1,0,0.5023250308347784,2025
2025-10-09,1,1,0.6381162285968273,2025
2025-10-10,0,1,0.4243258095249366,2025
2025-10-13,0,0,0.45332540028066015,2025
2025-10-14,1,0,0.6620917431781734,2025
2025-10-15,1,1,0.5772403969135305,2025
2025-10-16,1,1,0.5882012350629571,2025
2025-10-17,0,1,0.44690904704595885,2025
2025-10-20,1,1,0.5260256739694632,2025
2025-10-21,1,1,0.6053707183507536,2025
2025-10-23,1,1,0.5067896220348844,2025
2025-10-24,1,0,0.6424831788765093,2025
2025-10-27,1,1,0.5986722955570196,2025
2025-10-28,1,0,0.6056888723949383,2025
2025-10-29,1,1,0.5437749029686205,2025
2025-10-30,0,0,0.4441595622795323,2025
2025-10-31,0,0,0.3444002493173198,2025
2025-11-03,1,1,0.5464811383444976,2025
2025-11-04,1,0,0.5635251556351486,2025
2025-11-06,0,0,0.3459368914109184,2025
2025-11-07,0,0,0.41092825904907626,2025
2025-11-10,1,1,0.5534598411308612,2025
2025-11-11,1,1,0.6463756741440282,2025
2025-11-12,1,1,0.634355143268743,2025
2025-11-13,1,1,0.5549475198818313,2025
2025-11-14,0,1,0.33789866557595877,2025
2025-11-17,1,1,0.5190179075192396,2025
2025-11-18,0,0,0.3399445542885299,2025
2025-11-19,0,1,0.34137901152249633,2025
2025-11-20,1,1,0.5333792569690397,2025
2025-11-21,0,0,0.34720373412726074,2025
2025-11-24,1,0,0.6136364555830022,2025
2025-11-25,1,0,0.7038607290341904,2025
2025-11-26,1,1,0.677648739045385,2025
2025-11-27,1,1,0.6186985698313839,2025
2025-11-28,1,0,0.6306470371965356,2025
2025-12-01,1,0,0.6041375673112307,2025
2025-12-02,0,0,0.4148690259422145,2025
2025-12-03,1,0,0.5759949081296036,2025
2025-12-04,1,1,0.6326350150826323,2025
2025-12-05,1,1,0.58210370056643,2025
2025-12-08,1,0,0.6527938211130647,2025
2025-12-09,0,0,0.48239214939771247,2025
2025-12-10,1,0,0.5558390040390246,2025
2025-12-11,1,1,0.6901328351621142,2025
2025-12-12,1,1,0.6405606854739472,2025
2025-12-15,0,0,0.3458531663726469,2025
2025-12-16,1,0,0.5963784717709558,2025
2025-12-17,1,0,0.5297857097482255,2025
2025-12-18,0,0,0.3868753113798457,2025
2025-12-19,1,1,0.6737525843905494,2025
2025-12-22,1,1,0.6380248451104901,2025
2025-12-23,1,1,0.6795364747281611,2025
2025-12-24,1,0,0.6201271575312483,2025
2025-12-26,1,0,0.6287580418171964,2025
2025-12-29,1,0,0.5460086808808504,2025
2025-12-30,1,0,0.505339433773764,2025
