ticker,pattern_type,description,entry,exit,condition,significant,train_n,train_mean_ret_bps,train_std_ret_bps,train_win_rate,train_sharpe,train_p_value,fdr_p_value,test_n,test_mean_ret_bps,test_std_ret_bps,test_win_rate,test_win_ci_lo,test_win_ci_hi,test_sharpe,test_p_value
indiavix,dow_ohlc,Buy Mon_Open → Sell Mon_Close,Mon_Open,Mon_Close,,True,373,305.07096446023706,644.9396101774752,0.7184986595174263,4.730225274522794,2.151446404700604e-16,2.4763148118103954e-13,161,308.70422371205734,744.6930135522683,0.7267080745341615,0.6531874029593924,0.7896619748675641,4.145389013917344,1.8669317818783396e-06
indiavix,dow_ohlc,Buy Mon_Open → Sell Tue_Open,Mon_Open,Tue_Open,,True,352,325.43839551365033,694.5221657693186,0.7272727272727273,4.6857884680061135,2.0810339740688107e-15,1.916216083322561e-12,152,328.9122995016937,764.1680987790342,0.7368421052631579,0.6616208335298267,0.8003867433944348,4.304187783122854,1.4958545773968943e-06
indiavix,dow_ohlc,Buy Tue_Open → Sell Fri_Close,Tue_Open,Fri_Close,,True,350,-236.24009846930235,808.1413320935587,0.3342857142857143,-2.9232522714474003,1.0668841907609275e-10,7.017049734661872e-08,151,-231.87920888907274,891.265896037997,0.304635761589404,0.2368257366335642,0.3821397093447775,-2.601683851248664,0.00014525836113792184
indiavix,dow_ohlc,Buy Tue_Close → Sell Fri_Close,Tue_Close,Fri_Close,,True,350,-190.92086945083742,724.3204270682121,0.35428571428571426,-2.6358620068692007,1.1185080234100556e-09,6.43701367472487e-07,151,-161.45692764504588,810.1915526079702,0.33112582781456956,0.2610694860590277,0.4095616621595388,-1.9928241306061918,0.0015480550312823938
indiavix,dow_ohlc,Buy Mon_Open → Sell Tue_Close,Mon_Open,Tue_Close,,True,352,262.34433229133424,789.8518607278735,0.6164772727272727,3.3214371622746524,1.3817381039691164e-08,6.361522230673812e-06,152,214.19897091086705,771.060094708001,0.618421052631579,0.5391769349477636,0.6918268535143671,2.777980242797856,0.002044917184296723
indiavix,dow_ohlc,Buy Mon_Close → Sell Fri_Close,Mon_Close,Fri_Close,,True,347,-218.0596798347108,925.7293994559337,0.31412103746397696,-2.3555445032086917,1.752159029338729e-08,6.722450142562924e-06,150,-248.5175528735285,874.721326487014,0.28,0.21432932072113417,0.35665798050298214,-2.841105450939499,1.792824891488268e-05
indiavix,dow_ohlc,Buy Tue_Open → Sell Fri_Open,Tue_Open,Fri_Open,,True,350,-170.7624804996071,739.7628534461364,0.32,-2.3083408379336885,3.870426534846706e-08,1.3707264435718642e-05,151,-187.4701780618365,738.6629556198587,0.32450331125827814,0.2549837940951799,0.40273092856333037,-2.5379664248157456,0.00011190007784107324
indiavix,dow_ohlc,Buy Tue_Close → Sell Fri_Open,Tue_Close,Fri_Open,,True,350,-126.836736996533,614.0640732538598,0.33714285714285713,-2.0655293563168207,1.0231780977436129e-07,3.36479425857971e-05,151,-115.60170931721075,649.1265572028942,0.2913907284768212,0.2248057065796587,0.3683268882785705,-1.780880908883808,0.0019112483380653764
indiavix,dow_ohlc,Buy Mon_Open → Sell Wed_Open,Mon_Open,Wed_Open,,True,352,257.9073702114258,791.1828791347713,0.6022727272727273,3.259769353116822,2.1742086562545478e-07,6.67337110226396e-05,152,214.7144273792723,751.6399765627292,0.5921052631578947,0.5126421793158427,0.6670274339324811,2.856612661305848,0.0037406941881593645
indiavix,dow_ohlc,Buy Mon_Close → Sell Fri_Open,Mon_Close,Fri_Open,,True,347,-159.76314918210943,809.8187962555899,0.2968299711815562,-1.9728258953832187,2.55660376812465e-07,7.356627342778681e-05,150,-195.06254654854948,721.0632241317454,0.31333333333333335,0.2445479868464793,0.3914412384345891,-2.705207255347551,1.5226776776408926e-05
indiavix,dow_ohlc,Buy Tue_Close → Sell Thu_Close,Tue_Close,Thu_Close,,True,359,-131.49449870192743,620.3520869522665,0.3593314763231198,-2.1196752854971113,6.549540531835601e-07,0.00015322446863886115,155,-123.59730462625083,631.4989172036057,0.2838709677419355,0.21878541774349364,0.35941072231049714,-1.9572053294020297,0.002242126067168608
indiavix,dow_ohlc,Buy Tue_Open → Sell Thu_Close,Tue_Open,Thu_Close,,True,359,-165.4858978399526,748.6594685529401,0.3398328690807799,-2.210429504883108,6.844697039049607e-07,0.00015322446863886115,155,-196.8181314350083,744.2232661275339,0.33548387096774196,0.26592684807262523,0.41299857196847223,-2.6446113739378925,0.00016745455884634625
niftyfmcg,dow_ohlc,Buy Wed_Close → Sell Thu_Open,Wed_Close,Thu_Open,,True,358,14.330757413063536,49.213560936382315,0.6927374301675978,2.911952953696788,8.295251153621793e-07,0.00016569886254066905,154,11.692799829500744,33.12433706966992,0.6753246753246753,0.5978820258623505,0.7442331072837909,3.529972480628806,0.00014661123869910627
indiavix,dow_ohlc,Buy Wed_Close → Sell Fri_Close,Wed_Close,Fri_Close,,True,349,-160.39639339240767,729.2609537616909,0.332378223495702,-2.1994375616169664,9.678552460065615e-07,0.00017824022210456838,150,-185.66069893489433,568.178054287041,0.2733333333333333,0.20834036087778668,0.3496465555349391,-3.267649947653546,5.13252240108477e-06
niftyfmcg,dow_ohlc,Buy Tue_Close → Sell Wed_Open,Tue_Close,Wed_Open,,True,357,14.268637737827204,49.32906660523011,0.6918767507002801,2.892541602705771,1.0204255375094338e-06,0.00018069381441128586,154,10.282110750694947,36.14567604535767,0.7012987012987013,0.6248287179428421,0.7679701386323573,2.844630914578099,0.0024064958941535405
indiavix,dow_ohlc,Buy Wed_Open → Sell Fri_Close,Wed_Open,Fri_Close,,True,349,-179.03026982631096,816.2338294194666,0.3667621776504298,-2.1933698821775547,1.6042477196982872e-06,0.0002735539444996635,150,-208.42023542034914,733.1014247927344,0.32666666666666666,0.2567570339087464,0.40523296099510275,-2.842993184459772,8.33831935023974e-05
nifty50,dow_ohlc,Buy Mon_Close → Sell Tue_Open,Mon_Close,Tue_Open,,True,357,14.824069808918328,56.900484050520895,0.7198879551820728,2.6052625133656697,1.992167377272861e-06,0.0003275692358915804,154,16.32925878555025,31.199650349123228,0.7597402597402597,0.6864667010177107,0.8203705332728691,5.233795444123985,2.033519959814981e-09
indiavix,dow_ohlc,Buy Wed_Close → Sell Fri_Open,Wed_Close,Fri_Open,,True,349,-104.91748233415967,550.2811750193447,0.28939828080229224,-1.9066158737934547,3.2867458937865054e-06,0.0005117864107615062,150,-124.04970928566442,338.68297970079664,0.28,0.21432932072113417,0.35665798050298214,-3.66270868985663,5.7304973428811367e-08
indiavix,dow_ohlc,Buy Mon_Close → Sell Thu_Close,Mon_Close,Thu_Close,,True,354,-150.36708980939198,817.724709459332,0.3107344632768362,-1.8388473293024565,4.775422131900628e-06,0.0007092272095248546,152,-200.3918600365589,709.7537122617573,0.3223684210526316,0.2532349895684616,0.4002593277383423,-2.8233999565564,2.324835881257372e-05
indiavix,dow_ohlc,Buy Thu_Open → Sell Fri_Close,Thu_Open,Fri_Close,,True,355,-158.7851049671207,724.3592563999912,0.3436619718309859,-2.192076701777378,6.645500923099003e-06,0.0008879407304219714,153,-169.0029442643427,576.3028166807127,0.30718954248366015,0.23955807804271562,0.3842662134717805,-2.932537190044221,0.00010430461357018962
indiavix,dow_ohlc,Buy Wed_Open → Sell Fri_Open,Wed_Open,Fri_Open,,True,349,-123.94268340054032,646.905760257439,0.3524355300859599,-1.9159310523254078,6.750201034919417e-06,0.0008879407304219714,150,-148.72036449838444,540.8426569022953,0.2866666666666667,0.22033702683064219,0.3636506592048645,-2.749789843689256,5.8634827600384126e-05
indiavix,dow_ohlc,Buy Wed_Close → Sell Thu_Close,Wed_Close,Thu_Close,,True,358,-113.29701045643878,546.023018776828,0.30726256983240224,-2.074949343898372,8.472058365223234e-06,0.001054198830094264,154,-140.70255133143993,347.9262261744955,0.3051948051948052,0.23793990068132437,0.38193217360074055,-4.044034072351687,8.939523143613903e-08
niftyfmcg,dow_ohlc,Buy Thu_Close → Sell Fri_Open,Thu_Close,Fri_Open,,True,355,14.646685907308271,57.707130000155644,0.6816901408450704,2.538106800194147,1.6815608669197625e-05,0.0020373437450785757,153,7.435313591870475,34.434007910527605,0.6209150326797386,0.5419662906820014,0.6939405095546706,2.1592936875632347,0.028613456197879892
indiavix,dow_ohlc,Buy Wed_Open → Sell Thu_Close,Wed_Open,Thu_Close,,True,358,-128.7085228572375,650.1361824335241,0.36312849162011174,-1.979716347665327,2.8148190479915307e-05,0.0033229299735776942,154,-163.5837952128975,526.4228727410126,0.2857142857142857,0.22025995269045742,0.36159932901981406,-3.1074598708285377,3.703748568922686e-05
indiavix,dow_ohlc,Buy Thu_Open → Sell Thu_Close,Thu_Open,Thu_Close,,True,381,-100.17502226357914,542.5613491047291,0.32020997375328086,-1.8463353946770478,3.0554981597290686e-05,0.0035168783818481583,164,-119.37779600474471,357.2576276613581,0.3231707317073171,0.25634661591669566,0.3980894714418614,-3.341504470770938,2.465113336072685e-06
niftyfmcg,dow_ohlc,Buy Mon_Close → Sell Tue_Open,Mon_Close,Tue_Open,,True,352,13.527859505841564,55.599650528078946,0.71875,2.433083549510751,4.488431583345939e-05,0.004805753258075513,152,15.42320254427648,28.300630915705074,0.7763157894736842,0.7037246849877246,0.8352841547572472,5.449773395588001,6.680070873891545e-09
indiavix,dow_ohlc,Buy Mon_Open → Sell Wed_Close,Mon_Open,Wed_Close,,True,352,229.32915169601762,887.6032419346703,0.5852272727272727,2.5836898837385815,4.913946502626548e-05,0.005141774931384687,152,180.27517388455618,868.8585406625232,0.5789473684210527,0.4994589186105389,0.6545436070308817,2.074850685671945,0.04105191198551483
nifty50,dow_ohlc,Buy Wed_Close → Sell Thu_Open,Wed_Close,Thu_Open,,True,361,14.414311961079193,66.26788301471124,0.7008310249307479,2.175158056260718,6.104404450525273e-05,0.006010727660675426,155,7.230445372009861,37.96124714079724,0.5935483870967742,0.5148677004466578,0.6677041195299729,1.9046912092198485,0.02377534849263065
