strategy,entry_date,exit_date,entry_price,exit_price,pct_return,holding_days,side
RSI2_MeanRev,2016-06-14,2016-06-16,8108.85,8140.75,0.39,2,long
RSI2_MeanRev,2016-08-05,2016-08-08,8683.15,8711.35,0.32,3,long
RSI2_MeanRev,2016-10-17,2016-10-19,8520.4,8659.1,1.63,2,long
RSI2_MeanRev,2016-10-28,2016-11-02,8638.0,8514.0,-1.44,5,long
RSI2_MeanRev,2016-11-04,2016-11-09,8433.75,8432.0,-0.02,5,long
RSI2_MeanRev,2017-04-19,2017-04-21,9103.5,9119.4,0.17,2,long
RSI2_MeanRev,2017-05-25,2017-05-26,9509.75,9595.1,0.9,1,long
RSI2_MeanRev,2017-06-28,2017-07-03,9491.25,9615.0,1.3,5,long
RSI2_MeanRev,2017-08-10,2017-08-17,9820.25,9904.15,0.85,7,long
RSI2_MeanRev,2017-09-26,2017-10-03,9871.5,9859.5,-0.12,7,long
RSI2_MeanRev,2017-11-09,2017-11-20,10308.95,10298.75,-0.1,11,long
RSI2_MeanRev,2017-12-04,2017-12-08,10127.75,10265.65,1.36,4,long
RSI2_MeanRev,2018-02-05,2018-02-12,10666.55,10539.75,-1.19,7,long
RSI2_MeanRev,2018-02-21,2018-02-23,10397.45,10491.05,0.9,2,long
RSI2_MeanRev,2018-03-07,2018-03-12,10154.2,10421.4,2.63,5,long
RSI2_MeanRev,2018-05-18,2018-05-28,10596.4,10688.65,0.87,10,long
RSI2_MeanRev,2018-06-29,2018-07-03,10714.3,10699.9,-0.13,4,long
RSI2_MeanRev,2018-09-05,2018-09-10,11476.95,11438.1,-0.34,5,long
RSI2_MeanRev,2018-09-24,2018-09-27,10967.4,10977.55,0.09,3,long
RSI2_MeanRev,2019-05-08,2019-05-17,11359.45,11407.15,0.42,9,long
RSI2_MeanRev,2019-06-18,2019-06-21,11691.5,11724.1,0.28,3,long
RSI2_MeanRev,2019-07-09,2019-07-15,11555.9,11588.35,0.28,6,long
RSI2_MeanRev,2019-07-23,2019-07-31,11331.05,11118.0,-1.88,8,long
RSI2_MeanRev,2019-10-04,2019-10-07,11174.75,11126.4,-0.43,3,long
RSI2_MeanRev,2020-01-22,2020-01-27,12106.9,12119.0,0.1,5,long
RSI2_MeanRev,2020-02-04,2020-02-06,11979.65,12137.95,1.32,2,long
RSI2_MeanRev,2020-02-19,2020-02-20,12125.9,12080.85,-0.37,1,long
RSI2_MeanRev,2020-02-26,2020-02-27,11678.5,11633.3,-0.39,1,long
RSI2_MeanRev,2020-08-04,2020-08-06,11095.25,11200.15,0.95,2,long
RSI2_MeanRev,2020-09-23,2020-09-29,11131.85,11222.4,0.81,6,long
RSI2_MeanRev,2021-01-28,2021-02-02,13817.55,14647.85,6.01,5,long
RSI2_MeanRev,2021-02-22,2021-02-25,14675.7,15097.35,2.87,3,long
RSI2_MeanRev,2021-03-18,2021-03-23,14557.85,14814.75,1.76,5,long
RSI2_MeanRev,2021-07-22,2021-07-23,15824.05,15856.05,0.2,1,long
RSI2_MeanRev,2021-10-04,2021-10-05,17691.25,17822.3,0.74,1,long
RSI2_MeanRev,2021-11-01,2021-11-03,17929.65,17829.2,-0.56,2,long
RSI2_MeanRev,2021-11-22,2021-11-26,17416.55,17026.45,-2.24,4,long
RSI2_MeanRev,2021-12-21,2021-12-23,16770.85,17072.6,1.8,2,long
RSI2_MeanRev,2022-01-21,2022-02-01,17617.15,17576.85,-0.23,11,long
RSI2_MeanRev,2022-02-24,2022-02-25,16247.95,16658.4,2.53,1,long
RSI2_MeanRev,2022-04-19,2022-04-20,16958.65,17136.55,1.05,1,long
RSI2_MeanRev,2022-09-27,2022-09-29,17007.4,16818.1,-1.11,2,long
RSI2_MeanRev,2022-12-23,2022-12-28,17806.8,18122.5,1.77,5,long
RSI2_MeanRev,2023-01-09,2023-01-10,18101.2,17914.15,-1.03,1,long
RSI2_MeanRev,2023-01-30,2023-02-06,17648.95,17764.6,0.66,7,long
RSI2_MeanRev,2023-02-23,2023-03-01,17511.25,17450.9,-0.34,6,long
RSI2_MeanRev,2023-05-19,2023-05-23,18203.4,18348.0,0.79,4,long
RSI2_MeanRev,2023-08-04,2023-08-08,19517.0,19570.85,0.28,4,long
RSI2_MeanRev,2023-08-21,2023-08-23,19393.6,19444.0,0.26,2,long
RSI2_MeanRev,2023-09-22,2023-09-29,19674.25,19638.3,-0.18,7,long
RSI2_MeanRev,2023-10-23,2023-10-31,19281.75,19079.6,-1.05,8,long
RSI2_MeanRev,2024-04-18,2024-04-23,21995.85,22368.0,1.69,5,long
RSI2_MeanRev,2024-05-08,2024-05-14,22302.5,22217.85,-0.38,6,long
RSI2_MeanRev,2024-05-31,2024-06-04,22530.7,21884.5,-2.87,4,long
RSI2_MeanRev,2024-07-26,2024-07-29,24834.85,24836.1,0.01,3,long
RSI2_MeanRev,2024-08-06,2024-08-09,23992.55,24367.5,1.56,3,long
RSI2_MeanRev,2024-09-09,2024-09-11,24936.4,24918.45,-0.07,2,long
RSI2_MeanRev,2024-10-04,2024-10-10,25014.6,24998.45,-0.06,6,long
RSI2_MeanRev,2024-10-24,2024-10-30,24399.4,24340.85,-0.24,6,long
RSI2_MeanRev,2024-11-14,2024-11-18,23532.7,23453.8,-0.34,4,long
RSI2_MeanRev,2024-12-19,2024-12-23,23951.7,23753.45,-0.83,4,long
RSI2_MeanRev,2025-07-14,2025-07-17,25082.3,25111.45,0.12,3,long
RSI2_MeanRev,2025-07-29,2025-07-31,24821.1,24768.35,-0.21,2,long
RSI2_MeanRev,2025-09-01,2025-09-03,24625.05,24715.05,0.37,2,long
RSI2_MeanRev,2025-09-25,2025-10-03,24890.85,24894.25,0.01,8,long
RSI2_MeanRev,2025-11-07,2025-11-12,25492.3,25875.8,1.5,5,long
RSI2_MeanRev,2025-12-04,2025-12-08,26033.75,25960.55,-0.28,4,long
RSI2_BankNifty,2016-08-03,2016-08-08,18601.78,18939.23,1.81,5,long
RSI2_BankNifty,2016-10-14,2016-10-19,19019.93,19411.87,2.06,5,long
RSI2_BankNifty,2016-11-04,2016-11-08,19057.88,19500.57,2.32,4,long
RSI2_BankNifty,2016-11-21,2016-11-29,18446.19,18223.54,-1.21,8,long
RSI2_BankNifty,2016-12-21,2016-12-23,18084.29,17883.79,-1.11,2,long
RSI2_BankNifty,2017-03-23,2017-03-27,20895.26,21056.66,0.77,4,long
RSI2_BankNifty,2017-04-21,2017-04-25,21551.2,22054.44,2.34,4,long
RSI2_BankNifty,2017-05-25,2017-05-26,23190.53,23361.93,0.74,1,long
RSI2_BankNifty,2017-06-28,2017-07-04,23235.58,23213.93,-0.09,6,long
RSI2_BankNifty,2017-08-11,2017-08-17,23985.47,24236.97,1.05,6,long
RSI2_BankNifty,2017-09-25,2017-10-03,24164.77,24103.12,-0.26,8,long
RSI2_BankNifty,2017-10-23,2017-10-25,24088.62,25035.61,3.93,2,long
RSI2_BankNifty,2017-12-04,2017-12-11,25074.81,25404.55,1.32,7,long
RSI2_BankNifty,2018-02-06,2018-02-15,25811.0,25424.05,-1.5,9,long
RSI2_BankNifty,2018-02-21,2018-02-26,24936.41,25687.6,3.01,5,long
RSI2_BankNifty,2018-05-21,2018-05-25,25750.5,26273.25,2.03,4,long
RSI2_BankNifty,2018-06-20,2018-06-21,26557.39,26496.64,-0.23,1,long
RSI2_BankNifty,2018-07-04,2018-07-05,26433.64,26502.99,0.26,1,long
RSI2_BankNifty,2018-09-04,2018-09-10,27430.43,27201.43,-0.83,6,long
RSI2_BankNifty,2018-09-12,2018-09-17,26818.89,26819.99,0.0,5,long
RSI2_BankNifty,2018-09-21,2018-09-24,25596.6,24970.06,-2.45,3,long
RSI2_BankNifty,2018-12-07,2018-12-11,26593.99,26163.1,-1.62,4,long
RSI2_BankNifty,2018-12-26,2018-12-27,26986.49,26878.24,-0.4,1,long
RSI2_BankNifty,2019-01-28,2019-02-01,26652.74,27085.63,1.62,4,long
RSI2_BankNifty,2019-02-14,2019-02-21,26970.29,27052.09,0.3,7,long
RSI2_BankNifty,2019-05-09,2019-05-16,28884.26,28854.96,-0.1,7,long
RSI2_BankNifty,2019-06-18,2019-06-21,30350.65,30627.99,0.91,3,long
RSI2_BankNifty,2019-07-10,2019-07-15,30521.74,30445.6,-0.25,5,long
RSI2_BankNifty,2019-07-23,2019-07-29,29127.76,29295.56,0.58,6,long
RSI2_BankNifty,2019-12-11,2019-12-13,31256.39,32013.88,2.42,2,long
RSI2_BankNifty,2020-01-21,2020-01-27,30947.19,30837.04,-0.36,6,long
RSI2_BankNifty,2020-02-18,2020-02-24,30562.14,30454.75,-0.35,6,long
RSI2_BankNifty,2020-02-28,2020-03-02,29146.81,28868.06,-0.96,3,long
RSI2_BankNifty,2021-01-27,2021-02-02,30284.2,34267.5,13.15,6,long
RSI2_BankNifty,2021-02-23,2021-02-25,35116.54,36548.57,4.08,2,long
RSI2_BankNifty,2021-03-17,2021-03-24,34228.85,33292.86,-2.73,7,long
RSI2_BankNifty,2021-04-13,2021-04-16,31771.23,31977.08,0.65,3,long
RSI2_BankNifty,2021-05-17,2021-05-18,33458.86,33922.0,1.38,1,long
RSI2_BankNifty,2021-07-22,2021-07-26,34676.9,34949.29,0.79,4,long
RSI2_BankNifty,2021-08-23,2021-08-25,35123.99,35585.84,1.31,2,long
RSI2_BankNifty,2021-10-04,2021-10-05,37579.21,37740.56,0.43,1,long
RSI2_BankNifty,2021-11-01,2021-11-03,39763.29,39401.59,-0.91,2,long
RSI2_BankNifty,2021-11-12,2021-11-25,38732.9,37364.32,-3.53,13,long
RSI2_BankNifty,2021-11-30,2021-12-01,35694.89,36364.48,1.88,1,long
RSI2_BankNifty,2021-12-17,2021-12-20,35618.23,34439.45,-3.31,3,long
RSI2_BankNifty,2022-01-21,2022-01-28,37573.86,37688.96,0.31,7,long
RSI2_BankNifty,2022-09-26,2022-10-03,38615.8,38029.21,-1.52,7,long
RSI2_BankNifty,2022-12-23,2022-12-28,41667.57,42827.2,2.78,5,long
RSI2_BankNifty,2023-01-09,2023-01-11,42582.75,42232.7,-0.82,2,long
RSI2_BankNifty,2023-01-30,2023-02-03,40387.45,41499.7,2.75,4,long
RSI2_BankNifty,2023-02-21,2023-02-28,40673.6,40269.05,-0.99,7,long
RSI2_BankNifty,2023-03-14,2023-03-15,39411.4,39051.5,-0.91,1,long
RSI2_BankNifty,2023-07-13,2023-07-17,44665.05,45449.75,1.76,4,long
RSI2_BankNifty,2023-08-04,2023-08-08,44879.5,44964.45,0.19,4,long
RSI2_BankNifty,2023-08-14,2023-08-23,44090.95,44479.05,0.88,9,long
RSI2_BankNifty,2023-09-22,2023-10-04,44612.05,43964.05,-1.45,12,long
RSI2_BankNifty,2023-10-23,2023-10-25,43151.2,42832.0,-0.74,2,long
RSI2_BankNifty,2024-01-04,2024-01-05,48195.85,48159.0,-0.08,1,long
RSI2_BankNifty,2024-01-10,2024-01-12,47360.85,47709.8,0.74,2,long
RSI2_BankNifty,2024-01-19,2024-01-30,45701.15,45367.75,-0.73,11,long
RSI2_BankNifty,2024-02-29,2024-03-04,46120.9,47456.1,2.9,4,long
RSI2_BankNifty,2024-03-15,2024-03-22,46594.1,46863.75,0.58,7,long
RSI2_BankNifty,2024-04-18,2024-04-23,47069.45,47970.45,1.91,5,long
RSI2_BankNifty,2024-05-09,2024-05-15,47487.9,47687.45,0.42,6,long
RSI2_BankNifty,2024-07-25,2024-07-30,50888.75,51499.3,1.2,5,long
RSI2_BankNifty,2024-08-06,2024-08-09,49748.3,50484.5,1.48,3,long
RSI2_BankNifty,2024-10-03,2024-10-10,51845.2,51530.9,-0.61,7,long
RSI2_BankNifty,2024-11-14,2024-11-21,50179.55,50372.9,0.39,7,long
RSI2_BankNifty,2024-12-19,2024-12-26,51575.7,51170.7,-0.79,7,long
RSI2_BankNifty,2025-05-07,2025-05-09,54610.9,53595.25,-1.86,2,long
RSI2_BankNifty,2025-06-16,2025-06-18,55944.9,55828.75,-0.21,2,long
RSI2_BankNifty,2025-08-04,2025-08-08,55619.35,55004.9,-1.1,4,long
RSI2_BankNifty,2025-08-26,2025-09-03,54450.45,54067.55,-0.7,8,long
RSI2_BankNifty,2025-09-29,2025-10-01,54461.0,55347.95,1.63,2,long
Pairs_nifty50_vs_banknifty,2015-07-13,2015-07-22,8459.65,8633.5,2.06,9,long
Pairs_nifty50_vs_banknifty,2015-08-25,2015-09-03,17192.55,16555.21,-3.71,9,long
Pairs_nifty50_vs_banknifty,2015-09-04,2015-09-21,16128.91,17542.7,8.77,17,long
Pairs_nifty50_vs_banknifty,2016-01-13,2016-01-18,15871.67,15020.62,-5.36,5,long
Pairs_nifty50_vs_banknifty,2016-01-19,2016-03-03,15269.47,15177.57,-0.6,44,long
Pairs_nifty50_vs_banknifty,2016-04-26,2016-08-02,7962.65,8622.9,8.29,98,long
Pairs_nifty50_vs_banknifty,2016-08-19,2016-09-30,8666.9,8611.15,-0.64,42,long
Pairs_nifty50_vs_banknifty,2016-11-10,2016-11-11,8525.75,8296.3,-2.69,1,long
Pairs_nifty50_vs_banknifty,2016-11-15,2016-11-28,8108.45,8126.9,0.23,13,long
Pairs_nifty50_vs_banknifty,2017-02-20,2017-03-23,8879.2,9086.3,2.33,31,long
Pairs_nifty50_vs_banknifty,2017-04-17,2017-07-04,9139.3,9613.3,5.19,78,long
Pairs_nifty50_vs_banknifty,2017-07-28,2017-08-18,10014.5,9837.4,-1.77,21,long
Pairs_nifty50_vs_banknifty,2017-10-12,2017-10-19,24360.97,24009.47,-1.44,7,long
Pairs_nifty50_vs_banknifty,2017-10-23,2017-11-02,24088.62,25427.01,5.56,10,long
Pairs_nifty50_vs_banknifty,2017-11-20,2017-12-08,10298.75,10265.65,-0.32,18,long
Pairs_nifty50_vs_banknifty,2018-03-05,2018-04-09,24818.41,25093.51,1.11,35,long
Pairs_nifty50_vs_banknifty,2018-05-14,2018-06-18,10806.6,10799.85,-0.06,35,long
Pairs_nifty50_vs_banknifty,2018-08-24,2018-10-09,27834.38,24527.37,-11.88,46,long
Pairs_nifty50_vs_banknifty,2019-01-07,2019-01-29,10771.8,10652.2,-1.11,22,long
Pairs_nifty50_vs_banknifty,2019-03-14,2019-04-24,11343.25,11726.15,3.38,41,long
Pairs_nifty50_vs_banknifty,2019-05-28,2019-06-17,11928.75,11672.15,-2.15,20,long
Pairs_nifty50_vs_banknifty,2019-07-08,2019-07-22,11558.6,11346.2,-1.84,14,long
Pairs_nifty50_vs_banknifty,2019-08-06,2019-09-23,28021.77,30565.84,9.08,48,long
Pairs_nifty50_vs_banknifty,2019-11-13,2020-01-07,11840.45,12052.95,1.79,55,long
Pairs_nifty50_vs_banknifty,2020-03-13,2020-03-23,25166.16,16917.45,-32.78,10,long
Pairs_nifty50_vs_banknifty,2020-03-24,2020-03-25,17107.1,18480.84,8.03,1,long
Pairs_nifty50_vs_banknifty,2020-03-26,2020-06-19,19613.67,21337.85,8.79,85,long
Pairs_nifty50_vs_banknifty,2020-08-04,2020-08-26,21490.25,23413.93,8.95,22,long
Pairs_nifty50_vs_banknifty,2020-11-03,2020-12-23,11813.5,13601.1,15.13,50,long
Pairs_nifty50_vs_banknifty,2021-02-02,2021-03-17,14647.85,14721.3,0.5,43,long
Pairs_nifty50_vs_banknifty,2021-04-13,2021-05-24,31771.23,34943.2,9.98,41,long
Pairs_nifty50_vs_banknifty,2021-08-18,2021-10-13,35554.09,38635.3,8.67,56,long
Pairs_nifty50_vs_banknifty,2021-10-25,2021-11-11,18125.4,17873.6,-1.39,17,long
Pairs_nifty50_vs_banknifty,2022-01-28,2022-03-02,17101.95,16605.95,-2.9,33,long
Pairs_nifty50_vs_banknifty,2022-05-27,2022-06-10,16352.45,16201.8,-0.92,14,long
Pairs_nifty50_vs_banknifty,2022-07-08,2022-09-29,16220.6,16818.1,3.68,83,long
Pairs_nifty50_vs_banknifty,2022-12-12,2023-01-18,18497.15,18165.35,-1.79,37,long
Pairs_nifty50_vs_banknifty,2023-02-21,2023-03-01,40673.6,40698.15,0.06,8,long
Pairs_nifty50_vs_banknifty,2023-04-18,2023-06-02,17660.15,18534.1,4.95,45,long
Pairs_nifty50_vs_banknifty,2023-07-12,2023-08-29,44639.45,44495.25,-0.32,48,long
Pairs_nifty50_vs_banknifty,2023-10-19,2023-11-13,43754.5,43891.25,0.31,25,long
Pairs_nifty50_vs_banknifty,2023-11-20,2023-12-05,43584.95,47012.25,7.86,15,long
Pairs_nifty50_vs_banknifty,2024-01-10,2024-01-18,47360.85,45713.55,-3.48,8,long
Pairs_nifty50_vs_banknifty,2024-01-19,2024-01-23,45701.15,45015.05,-1.5,4,long
Pairs_nifty50_vs_banknifty,2024-01-24,2024-03-06,45082.4,47965.4,6.39,42,long
Pairs_nifty50_vs_banknifty,2024-04-30,2024-05-17,22604.85,22466.1,-0.61,17,long
Pairs_nifty50_vs_banknifty,2024-06-04,2024-06-05,21884.5,22620.35,3.36,1,long
Pairs_nifty50_vs_banknifty,2024-06-20,2024-07-03,23567.0,24286.5,3.05,13,long
Pairs_nifty50_vs_banknifty,2024-07-25,2024-09-19,50888.75,53037.6,4.22,56,long
Pairs_nifty50_vs_banknifty,2024-10-21,2025-01-02,24781.1,24188.65,-2.39,73,long
Pairs_nifty50_vs_banknifty,2025-01-13,2025-01-29,48041.25,49165.95,2.34,16,long
Pairs_nifty50_vs_banknifty,2025-04-04,2025-05-13,22904.45,24578.35,7.31,39,long
Pairs_nifty50_vs_banknifty,2025-07-25,2025-08-05,24837.0,24649.55,-0.75,11,long
Pairs_nifty50_vs_banknifty,2025-08-21,2025-10-01,55755.45,55347.95,-0.73,41,long
DualMom_nifty50_vs_gold,2016-03-31,2017-02-28,1234.2,1252.6,1.49,334,long
DualMom_nifty50_vs_gold,2017-02-28,2019-07-31,8879.6,11118.0,25.21,883,long
DualMom_nifty50_vs_gold,2019-07-31,2021-02-26,1426.1,1728.1,21.18,576,long
DualMom_nifty50_vs_gold,2021-02-26,2022-06-30,14529.15,15780.25,8.61,489,long
DualMom_nifty50_vs_gold,2022-07-29,2022-09-30,17158.25,17094.35,-0.37,63,long
DualMom_nifty50_vs_gold,2022-10-31,2023-01-31,18012.2,17662.15,-1.94,92,long
DualMom_nifty50_vs_gold,2023-01-31,2023-02-28,1929.5,1828.9,-5.21,28,long
DualMom_nifty50_vs_gold,2023-03-31,2023-04-28,17359.75,18065.0,4.06,28,long
DualMom_nifty50_vs_gold,2023-04-28,2023-05-31,1990.1,1963.9,-1.32,33,long
DualMom_nifty50_vs_gold,2023-05-31,2023-10-31,18534.4,19079.6,2.94,153,long
DualMom_nifty50_vs_gold,2023-10-31,2023-12-29,1985.2,2062.4,3.89,59,long
DualMom_nifty50_vs_gold,2023-12-29,2024-08-30,21731.4,25235.9,16.13,245,long
